governmentId,firstMiddleLastName,fullName,phoneNumber,address
3260685026375491,Green Billie Kuvalis,Nyoman Adriansyah,0844198719221,Psr. Eloisa Kraksaan
3216232287108128,Eliza Riley Beer,Bakiman Budiman,0823856391396,Kpg. Carolyne Enrekang
3255671765373243,Estelle Austin Harber,Mala Wastuti S.I.Kom,0845646627400,Dk. Perry Pacitan
3241960874887989,Cicero Billie Swift,Nasrullah Wibisono,0899085917640,Jln. Dach Bondowoso
3278669067511697,Cara Addison Thompson,Ibrahim Adhitama,0853131111520,Ds. Renner Mojokerto
3211424087491368,Erwin Micah Welch,Febi Rahmawati,0889113884996,Ds. Federico Makale
3248245931168500,Halie Ryan Schuster,Amalia Kuswandari,0879929120936,Ki. Katrine Bandung
3220433700308911,Colten James Walter,Umi Novitasari S.Kom,0840778953572,Jln. Haley Badung
3253063696058031,Cameron Finley Bradtke,Jasmin Lestari S.I.Kom,0827835698651,Kpg. Verona Magelang
3248608937964423,Jaeden Rory Cole,Aris Purwadi S.E.,0880469564804,Jr. Parker Tondano
3287719986683704,Ally Dakota Sanford,Agustina Nuraini,0890666221397,Dk. Nia Ambarawa
3251182294060353,Nathaniel Anderson Lowe,Umay Utama,0831740414518,Kpg. Fadel Bantaeng
3245501444331448,Ursula Phoenix Schmitt,Harjo Putra,0897288570793,"Psr. Dustin Negara,Bali"
3217746512793351,Adelle Kai Spinka,Putri Usada,0866823444524,Jln. Schmeler Kudus
3278608693913480,Leola Nico Streich,Lestari Winarsih,0863504847152,Gg. Stiedemann Selong
3277593675884417,Christelle Jamie Shanahan,Patricia Usamah,0822892349530,Dk. Agnes Pacitan
3282759667623815,Fabiola Austin Aufderhar,Agustina Nasyiah,0839453599099,Dk. Birdie Lamongan
3212625089136832,Flavio Blake Goldner,Maya Mayasari,0825727104870,Gg. Evert Bojonegoro
3258158618029905,Camila Taylor Hagenes,Jagapati Supriyanto,0806206072162,Jln. Florida Barru
3290819641431464,Danyka Jules Johnson,Wasis Situmorang,0867862286383,Gg. Brooks Bekasi
3280271140102923,Johnnie Marlowe Gerhold,Rina Ardiyanti,0824512898503,Jr. Johns Bajawa
3277295968488181,Okey Logan Wisoky,Wira Prakasa,0868923734606,Jr. Hammes Purwodadi
3275832353292498,Marina Nico Donnelly,Hamima Usamah,0827880778927,Psr. Camden Bajawa
3237257185183888,Anya Ryan Leuschke,Titi Leilani M.Kom.,0859725896792,Ds. Blick Sragen
3266442539435533,Rhiannon Kai Sanford,Ajiono Damanik,0823908707271,Dk. Tyree Jeneponto
3274670574179140,Alyson Sage Abshire,Embuh Hutapea,0801787066680,Gg. Anibal Bangil
3226267685783684,Clemmie Drew Hettinger,Cengkir Hidayat,0814438788690,Ds. Howard Probolinggo
3263856818445231,Alexandria Taylor Denesik,Noviana Rahayu S.Pd,0887292665598,Ds. Anderson Caruban
3246269746083803,Hulda Jules Lemke,Malik Habibi,0822613083886,Ki. Tianna Ciamis
3232254820356100,Kevin Nico Kshlerin,Ifa Afifah,0823761943044,Psr. Leffler Kolaka
3262578576847799,Bert Avery Rempel,Cornelia Agustina,0864946771623,Dk. Kuhn Tegal
3208345317448431,Kiara Taylor Kassulke,Simon Natsir,0830278457331,Kpg. Joe Praya
3247707344121113,Juana Blake Beer,Cahyono Habibi M.TI.,0863872457155,Ki. Wilson Kendari
3295479584631216,Desiree Jordan Walker,Kawaca Pangestu,0833815244578,Jln. Lawson Pare
3245267815866838,Isabella Austin Douglas,Ophelia Suryatmi,0806809743401,Jln. Tomasa Waingapu
3214094623518762,Frederic Sasha Schamberger,Harjasa Yudhistira,0893914439908,Ds. Koepp Waikabubak
3257571372868450,Judd Charlie Thompson,Oni Oktaviani,0895163322429,Jr. Addison Trenggalek
3233218059109437,Mozelle Jamie Rutherford,Calista Riyanti S.Pd,0865339495876,Jr. Maritza Ciamis
3244656936994963,Deonte Reagan Lowe,Aisyah Wastuti,0862850818452,Jln. Claude Ponorogo
3221124464690174,Bradly Finley Ullrich,Irma Suryatmi,0831191791777,Jln. Rosanna Wanggudu
3205934430981086,Stephany Charlie Rippin,Daniswara Darojat,0808527295986,Kpg. Kub Bekasi
3296500469491240,Rhianna Rory Mayer,Jindra Hutapea,0863060565842,Psr. Stoltenberg Kawangkoan
3200360562165656,Casey Micah Wiza,Empluk Maryadi M.TI.,0860169921087,Psr. Feil Benteng
3231508348222869,Charlotte Ellis Bogisich,Padma Nurdiyanti,0819847014740,Dk. Walker Bulukumba
3281677108594741,Jarvis August Gusikowski,Septi Rahmawati,0829502004125,Ds. Boyer Larantuka
3246116500473198,Candida Blake Mayert,Luhung Aswandi,0883298413596,Jr. Goodwin Tigaraksa
3243644445018953,Layla Arden Runolfsdottir,Banawa Rayhan,0821540851928,Ki. Trystan Waingapu
3255031564051438,Bernhard Kai Johnston,Humaira Lailasari,0816575350609,Kpg. Henderson Kawangkoan
3284486485161834,Reymundo Jamie Quigley,Narji Damanik,0859208645848,Dk. Raleigh Rumbia
3273065021660711,Ottilie Kennedy Larkin,Anom Uwais,0837940056237,Kpg. Lehner Tangerang
3247252433679036,Maximus Alex Greenholt,Ganda Nanda,0841538893341,Psr. D'Amore Singaraja
3228544488393123,Kenyatta Quinn MacGyver,Balamantri Purnawarman,0880908646314,Dk. Alverta Suwawa
3250775377975861,Adan Kennedy Kutch,Olga Saputra,0817845618113,Jr. Stanton Makale
3264153710925011,Annalise Arden Glover,Karimah Mahestri,0808848338942,Gg. Jast Ambarawa
3237184878529926,Ebba Sage Hansen,Azalea Pudjiastuti,0891124352576,Jln. Roy Buol
3204156073190724,Alexzander Elliott Volkman,Oliva Nurlaela,0816740146493,Gg. Adrianna Mojokerto
3270031589759184,Samanta Leslie Bartell,Bakiadi Ardianto,0841481482859,Ds. Alysha Rantepao
3260472845979476,Lorenza August Kunze,Olivia Anandya,0889786600812,Ds. Royce Bulukumba
3298671155514618,Diana Blake Abbott,Koko Ramadan,0869138979260,Ds. Luisa Bekasi
3285615449723737,Maximillia Drew Paucek,Indra Siregar,0869152338864,Ki. Farrell Sumedang
3227114350604158,Ignacio London Bechtelar,Kurnia Sabian,0807490901447,Ds. Frami Mbay
3223292636657299,Maud August Schmidt,Kambali Sitorus,0893620511034,Jln. Lexie Soreang
3219358024869730,Emiliano Avery Kshlerin,Sabrina Fathina,0868996756367,Kpg. Streich Pandeglang
3243308147971396,Keshawn Jamie Shields,Harja Hidayat,0874021110516,Psr. Jewel Ondong Siau
3221803358242815,Merritt Kyle Harris,Karta Rayhan,0867230251955,Ds. Justyn Kawangkoan
3218062898664413,Else Avery Koelpin,Dipa Faresta,0815641095748,Ds. Ankunding Palu
3274971047508189,Hosea Ryan Kunze,Kamidin Lazuardi S.E.I,0808392347049,Jln. Senger Sumbawa Besar
3228101292171191,Mack Kyle Stark,Bakianto Mangunsong,0899740707116,Dk. Dare Sidoarjo
3261789959009262,Terrence Bowie Crona,Karsana Hidayanto S.IP,0884936517079,Jln. Schultz Mojosari
3232951614019347,Rosalinda Addison Batz,Aslijan Gunawan,0883121932512,Dk. Robel Indramayu
3281524666493134,Domenica Blake Buckridge,Dinda Maryati,0888654747347,Gg. Garry Serang
3223442057793641,Hank Kendall Russel,Yuliana Fathina,0844154144428,Ds. Grimes Salatiga
3251663799522951,Kelley Addison Johnston,Kurnia Budiyanto,0868073563504,Ds. Kayli Bangil
3225776645912050,Ezekiel Bailey Bahringer,Queen Astuti,0842813790761,Jln. Kris Bau-Bau
3269659369048369,Garett Quinn Cartwright,Fitria Anjani,0834445916560,Jln. Darlene Denpasar
3294609115100511,Gloria Charlie O'Kon,Umaya Natsir,0852505954045,Ds. Clemens Sunggu Minasa
3277316649687649,Richie James Stamm,Kamal Wacana,0811210093960,Jr. Lehner Indramayu
3241585267435562,Thaddeus Angel Cormier,Dwi Wulandari,0875653548131,Jln. Heaney Sengkang
3215419704628128,Dock Corey Klocko,Sakura Jelita S.H.,0806490296602,Psr. Muller Majalengka
3209848606788029,Aurelie Addison Smith,Dalima Mahestri,0828568641251,Jln. Olson Sidenreng
3258844661206992,Tyree Nico Lemke,Raihan Jailani,0899543494307,Kpg. Efren Temanggung
3228788789123687,Joanny Avery Ferry,Damu Wibisono,0880052722360,Ki. Garnet Manado
3280858183906032,Jamie Phoenix Conn,Rita Amanta,0851139521847,Gg. Rath Suwawa
3227439487650806,Maybelle Rowan Roob,Betania Rahayu,0858692124522,Dk. Mayer Makale
3203029958933959,Junius Leslie Morissette,Ganjaran Manullang,0869740719713,Psr. Oleta Kudus
3287293606232328,Adonis Cameron Crist,Caturangga Budiman,0831019427520,Ki. Kovacek Pangkajene
3275184647323667,Shad Brooklyn Hoppe,Rahman Kuswoyo,0823437437265,Ds. Anabel Mataram
3235744033208851,Dandre August Bernhard,Nugraha Satria,0830457847915,Psr. Bode Kraksaan
3217857251435007,Brennan Marlowe McLaughlin,Zalindra Wulandari,0874027679474,Psr. Ellen Purbalingga
3293217506979690,Zola Ryan Rowe,Jamalia Saputri,0805466719870,Kpg. Cory Parigi
3297158502032188,Ellis Angel Ullrich,Uda Hidayat S.T.,0872662075629,Jr. Carter Brebes
3218463855190306,Kylie Reese Yundt,Ana Wastuti,0863275696446,Kpg. Towne Kendari
3212606614532836,Adah Alex Rosenbaum,Marwata Prasetya,0862402755243,Gg. Marcos Tegal
3287733293575990,Enrico Reagan Bauch,Adika Faresta,0821295846561,Gg. Bernhard Tangerang Selatan
3295393848961823,Arne Shawn Bechtelar,Raihan Mahendra,0831392385150,Psr. Lakin Mbay
3217898221872869,Michelle Austin Schroeder,Gambira Setiawan,0877764084193,Gg. Jast Sidenreng
3287855524374748,Mariano Dakota Pfannerstill,Kawaya Antoni S.IP,0834011806591,Jln. Langworth Wonogiri
3277403637879221,Jonathan Ryan Stehr,Olivia Mustika,0879709741706,Ds. Nicholas Andolo
3276075933907706,Baylee Anderson Ullrich,Fara Elvina,0820519937149,Gg. Claudia Kolaka
3233988051371712,Terrance Noah Franey,Taufan Tampubolon,0869294307053,Kpg. Madisen Mamuju
3257480972577212,River Austin Crona,Ganesha Maheswari S.I.Kom,0887512163150,Jln. Wuckert Mojosari
3209114981242627,Aron Jules Schuppe,Novita Mustika,0835440964385,Ki. Justen Wonosari
3272317515159604,Dexter Dakota Huels,Cemani Alamsyah,0844145955018,Dk. Metz Bau-Bau
3242953140559678,Jade Sawyer Krajcik,Karimah Suryatmi,0828800468311,Psr. Hilll Kota Raha
3254718033479640,Silas London Keeling,Hairyanto Thamrin,0823188362322,Ds. Odessa Probolinggo
3273269531874746,Esta Bowie Kertzmann,Titi Ardiyanti,0851334078589,Psr. Elroy Palopo
3201124899197227,Teagan Corey Stanton,Tiara Elvina,0826975125486,Psr. Stanton Cirebon
3281731274300825,Marquis Gray Cole,Retno Amanta,0828320117286,Gg. Sigurd Bumiayu
3220549771911072,Kenyatta Cameron Thompson,Laras Usamah,0819633989848,Ki. Tamara Klungkung
3202483962032360,Norval Phoenix Kautzer,Bahuwarna Wicaksono,0867913752973,Kpg. Aufderhar Pare
3270114431898135,Braeden Leslie Marvin,Niyaga Winarno,0865391312884,Kpg. Hudson Karanganyar
3219009919502769,Hosea Ellis Dibbert,Mala Saraswati M.Farm,0822071533346,Jr. Roxane Blitar
3283316515899476,Ahmed Avery Koch,Jail Anggriawan M.Ak,0852616950699,Gg. Romaguera Wonogiri
3281706247968285,Angelita Cameron Moen,Rika Purnawati,0819534214545,Jr. Daniel Makassar
3256399272370787,Price Anderson Ullrich,Belinda Mahestri,0833565452380,Dk. Cody Ratahan
3258091904888482,Bernie Bowie Collier,Heryanto Jailani,0821927497370,Kpg. Adams Kendari
3254203938029291,Lindsey Leslie Koepp,Zakir Oktovian S.Farm,0898307017756,Ds. Von Purworejo
3235677289301984,Mike Greer Balistreri,Marwata Haryanto S.E.,0861014601011,Dk. Arlo Kawangkoan
3299349165571930,Terrence Elliott Price,Ellis Utami,0895966594199,Ds. Monica Lewoleba
3225297495992727,Destiny Harper Gutkowski,Dagel Marpaung,0838904650218,Ki. Feest Ciamis
3251805994697390,Beverly Robin Bernier,Cager Hardiansyah,0894115867865,Jr. Georgette Amurang
3251199755017897,Norene Arden Cruickshank,Gadis Mahestri,0886454902599,Ki. Greenholt Bojonegoro
3244660911886025,Isobel Shiloh Franey,Maria Fathina,0822000252779,Jr. Williamson Malang
3259453584721992,Henry Alex Kunze,Purwanto Oktavian S.Kom,0804067461024,Dk. VonRueden Semarang
3217310851436856,Delta Harper Konopelski,Aris Yudhistira,0887595398970,Jr. Quitzon Lasusua
3259768329718510,Dorothea James Cremin,Setya Mahardika,0822156383986,Gg. Keebler Tigaraksa
3201344888423297,Elza Sawyer Nicolas,Wasis Sabian,0807439629200,Ds. Heidenreich Kendari
3248502008197213,Newell Skyler Sanford,Rini Yulianti,0842956240362,Gg. Marjory Karanganyar
3241451408022314,Jarrell Skyler Schaefer,Oliva Putri,0833534863007,Gg. Alaina Cilegon
3241230572195394,Cristian Ellis Hermiston,Cakrabuana Jailani,0836786958150,Ki. Watsica Pasangkayu
3211335226799319,Eleanora Rowan Dare,Widya Laksita,0825437886543,Ki. Reichert Sengkang
3280981612672888,Kathryn James Feest,Kamaria Purnawati,0885014288994,Jln. Vincent Blora
3214028876998328,Jadon Harper Mante,Emas Wardana,0853384363671,Dk. Salvatore Lasusua
3239099318339353,Russ August Macejkovic,Kamal Wardana S.T.,0812583839647,Dk. Hane Pelabuhan Ratu
3224201428467529,Vanessa Parker Cummerata,Darmana Waskita,0870511160123,Ki. MacGyver Sidoarjo
3202761385113384,Callie Angel Sanford,Ganep Sirait S.Ked,0871050802928,Psr. Kilback Sunggu Minasa
3202000123043787,Fermin August Gulgowski,Jaswadi Maryadi,0824440986018,Kpg. Mueller Karanganyar
3204627818051144,Vivien Reese Schmitt,Carla Usamah,0835092752386,Psr. Carroll Mamasa
3221970780705451,Axel Harper Batz,Koko Purnama,0888104017854,Ds. Erich Cirebon
3232769757517108,Royal Sasha Wisoky,Danu Darmawan,0898060785003,Psr. Steuber Magetan
3237674027698925,Timmothy Alex Turner,Umaya Wardana,0840113394488,Dk. Melvin Buol
3249655311100687,Elenora Elliott Maggio,Titi Juwita,0840760619860,Ki. Miller Bantaeng
3205880645000479,Doris Sasha Reichert,Hana Nurlaela,0883759296834,Ds. Eduardo Pemalang
3222296645023102,Tressie Avery Zboncak,Kayla Laksita,0890391872560,Gg. Larson Labuhan Bajo
3249629698606961,Carmel Quinn Boyer,Rahmawati Andriani,0861806195166,Jln. Grady Ende
3283610269045963,Maribel Addison Thompson,Puput Puspasari,0852405974378,Dk. Marty Toli Toli
3201759779931620,Bernita Reese Schaden,Jasmani Najmudin,0831684056295,Jr. Lowell Karanganyar
3230927423943837,Miller Skyler Konopelski,Paris Mahestri,0862522688661,Dk. Leon Tasikmalaya
3238845131081551,Kiarra Kendall Waters,Ikin Rayhan,0826352993935,Gg. Grady Lasusua
3284071579270038,Emile Reign Greenholt,Manah Arifin,0882423373616,Ds. Armstrong Takalar
3207005180129064,Carolyn Anderson Gislason,Laras Usamah,0845082827610,Jr. Goodwin Sengkang
3211235011371368,Minnie Sage Yost,Lamar Airlangga,0830352602297,Dk. Rolando Luwuk
3207260022772750,Elinore Bailey Bernhard,Yulia Nuraini,0891764852231,Kpg. Isidro Pasuruan
3217988726278928,Ericka North Kuphal,Jamalia Wijayanti,0807214220791,Jln. Bernier Boyolali
3265924859484443,Broderick Drew Huel,Kamila Aryani,0885108356637,Dk. Pagac Buranga
3258141137059777,Vinnie Jordan Mraz,Uchita Uyainah,0888882654350,Jln. Aileen Sumber
3263969960118268,Antonia Quinn Rosenbaum,Damar Hidayanto S.Psi,0858491347774,Ds. Samara Subang
3280598969622985,Nora Ryan Satterfield,Zamira Wahyuni,0827865261658,Gg. Marge Ambarawa
3201124088058828,Araceli Shawn Stoltenberg,Kamidin Hardiansyah S.Ked,0842105976719,Jln. Ledner Tangerang
3286436387562434,Abraham Finley Reinger,Elisa Hartati,0879537712419,Gg. Kelton Sidayu
3254927097561030,Laury Kendall Bruen,Noviana Azizah,0891853929722,Dk. Lueilwitz Serang
3220667959332518,Maymie Ryan Hickle,Intan Purnama,0895298490113,Kpg. Marisa Karangasem
3250537075036223,Ernest Billie Wisoky,Agus Putra,0870362974963,Jln. Stanton Jeneponto
3257764284683563,Angus Harper Leuschke,Maryanto Haikal,0859341194346,Ds. Kailyn Sumbawa Besar
3241066475345073,Ian Dakota Rippin,Kalim Megantara,0863960807639,Jln. Malinda Semarang
3215467566379857,Bryon Harper Rempel,Danang Pradana,0813898652678,Dk. Sydnee Pasangkayu
3297626769549160,Jabari Reagan Feest,Joko Bagaskara,0809494887052,Psr. Metz Sengkang
3262421947621996,Giovani Kyle Corwin,Lalita Mahestri S.IP,0847789084844,Psr. Cesar Karanganyar
3238256719192678,Evie Rory Herman,Putu Aswandi M.Ak,0827125808451,Gg. Alvina Malili
3287617467636697,Fredrick Taylor Stoltenberg,Karsana Sihotang,0819858633970,Kpg. Santina Madiun
3217793984234426,Randal Kyle Morar,Cindy Melani,0811025837018,Dk. Alex Luwuk
3217212530906344,Rico Elliott Wisoky,Digdaya Prasetyo,0892012922335,Gg. Marvin Demak
3204785749402213,Buford Alex Gerlach,Okto Simbolon,0839300738614,Ds. Murphy Pasuruan
3236740866808877,Javonte Kendall Schumm,Yono Haryanto,0870247757174,Jr. Horace Kwandang
3270546271758922,Royce Sawyer Christiansen,Tami Rahimah,0810837822519,Ki. Towne Tasikmalaya
3208759050109988,Pasquale Sage Wisozk,Nadia Andini,0855395684028,Ds. Tamia Masamba
3288436442004968,Oceane Angel Gutmann,Karja Abiputra,0850956583500,Ki. Emard Kraksaan
3270847435585947,Dan Greer Dietrich,Melani Purnama,0827784474169,Dk. Trantow Baa
3245328923826825,Sydni Brooklyn Schaden,Hamzah Suwarno,0883068718215,Kpg. Wunsch Kajen
3290927087477610,Alvena James Dicki,Asmuni Rajata,0848846848724,Ki. Pasquale Wonogiri
3230386822047244,Irwin North Hessel,Daryani Adhitama,0827150728465,Jln. Jacobson Badung
3205458057519139,Brianne Charlie Bahringer,Harsaya Wibowo,0805005245217,Dk. Franey Wangi Wangi
3274062381211752,Lauriane Quinn Bartell,Carla Namaga,0854265866419,Ds. Aufderhar Mungkid
3251741499069308,Elnora Kendall Herman,Harjaya Tampubolon,0845529064770,Psr. Myrtice Caruban
3204407200112617,Vergie Skyler Hettinger,Rosa Pratiwi,0879130662683,Gg. Crawford Pandeglang
3257520955641490,Marilyne Angel Rau,Iriana Yuliarti S.Farm,0813543238790,Dk. Wilber Sigi Biromaru
3242624369355620,Margie Avery Johns,Gamani Maulana,0824758293478,Ki. Hettinger Wonogiri
3257697891460675,Janelle Austin Konopelski,Bagya Wibisono,0865230911835,Dk. Zieme Taliwang
3262855968627999,Tito Greer Waelchi,Rini Winarsih,0846269206267,Ki. Amely Kota Raha
3219359744118897,Annabell Billie Rosenbaum,Karimah Rahayu,0892151571366,Ds. Vernon Sukabumi
3229485709488185,Barton Sawyer Wiegand,Samiah Laksmiwati,0844064184000,Dk. Bins Palu
3211199803088929,Maya Taylor Borer,Dodo Wacana,0886862592203,Ki. Beulah Klaten
3207154917321171,Brisa Taylor Heaney,Luhung Januar,0895151916391,Kpg. Lewis Toli Toli
3241823333042827,Dulce Logan Kshlerin,Mahfud Satria,0803162449907,Psr. Pagac Magelang
3213542173250891,Dejuan Reagan Howe,Nur Ramadhani,0825760380594,Psr. Kuhlman Sidayu
3290096118846632,Jamir Kai Herman,Nurul Uyainah,0876561876549,Jr. Kunze Soreang
3217521988982895,Aniya Taylor Jaskolski,Luis Bagaskara,0822521092917,Ki. Elmira Boroko
3210652140056125,Jordan Jaden Ankunding,Karsa Syahreza,0835761102392,Psr. Schuppe Depok
3232861655752079,Jayce Billie Von,Mulya Hutasoit M.Farm,0865914584391,Psr. Volkman Subang
3210400944270926,Santiago Kendall Kiehn,Cindy Handayani,0846392883669,Jr. Gibson Tulungagung
3295762550834127,Brianne Harper Hirthe,Eluh Salahudin,0835100893132,Ki. Chanelle Selong
3235586833666506,Daphne Leslie Fay,Irawati Yulianti,0857721515674,Dk. Aditya Wonosari
3268767789795117,Urban Elliott Bradtke,Lintang Harini,0806982649504,Ki. Pattie Karanganyar
3280476416894226,Nicolas Gray Dietrich,Bagya Winarno M.Ak,0823373868311,Kpg. Ben Tangerang
3214819082324222,Marie Blake Jacobi,Puspa Agustina,0813191440959,Ki. Wunsch Luwuk
3218608524679479,Elian Nico Corwin,Teddy Darmawan,0875160521500,Dk. Nader Sumedang
3265974201026318,Jamarcus Jamie Orn,Jumari Arifin,0844420728618,Ds. Hansen Semarang
3238742508920392,Murphy Jordan Davis,Maryadi Situmorang,0888511123645,Jr. Swaniawski Pacitan
3247295255477971,Ricky Jamie Bauch,Amalia Farida M.Kom.,0853293925299,Kpg. Windler Cilacap
3218458077185929,Trudie Shiloh Huels,Kasim Pradana,0820131891225,Dk. Ferry Nganjuk
3297287136002432,Dereck Charlie Rice,Fitri Hartati,0829497543117,Jr. Stanton Soe
3227618964138544,Carleton Kyle Harber,Ganjaran Dirgantara,0860671769164,Jr. Jeffery Pandeglang
3228085871194713,Leann Austin Smith,Nrima Abiputra,0819088871729,Gg. Kihn Boroko
3255499947209491,Dallin Austin McGlynn,Diah Nathania,0851591821268,Jln. Carroll Ponorogo
3285929985374474,Shanie Austin Vandervort,Vino Abiputra,0804766474466,Kpg. Oberbrunner Mataram
3257907923321977,Sylvester Addison Gutmann,Sasha Puspita,0818828984811,Dk. Bauch Denpasar
3214664735118548,Clara Corey Welch,Noviana Pratiwi,0852794935063,Psr. Senger Cirebon
3203914450053389,Eulah Rory Graham,Rina Usada,0874415286455,Ds. Margarette Tutuyan
3224677898729564,Boyd Addison Rempel,Asmadi Darmawan,0861597917485,Kpg. Fred Slawi
3288158822511640,Reta Micah Cronin,Vino Manullang,0852117307189,Dk. Hessel Soe
3253922112435336,Stewart Harper Glover,Fathonah Nasyidah,0820755685419,Gg. Blair Kajen
3262599442774699,Cloyd Arden Mayert,Hamima Usada,0810264838454,Ds. Orval Bangli
3294923280869710,Alysha Bowie Upton,Dipa Lazuardi,0806137903952,Psr. Hoppe Marisa
3265534752414646,Nelle Rory Zulauf,Akarsana Adhitama,0832012238248,Kpg. Javon Tanjung
3233083032363384,Gunnar Shiloh Barrows,Ian Prabowo,0899567095649,Jln. Abagail Manado
3230664137983198,Icie Alex Wehner,Sintia Rahimah,0842757450431,Jln. Sarina Waikabubak
3248835311787767,Sherwood Alex Johnson,Queen Nasyidah,0861277529821,Jr. Hayes Sigi Biromaru
3277730718478809,Eloisa Rory Lang,Wahyu Darmawan,0879263458322,Gg. Kozey Tangerang
3246737368238654,Wilfredo Anderson Lebsack,Bakijan Salahudin,0847823054387,Gg. Torp Wonogiri
3254740259099790,Harold Rowan Lind,Okto Irawan,0861525088763,Dk. Champlin Bondowoso
3215652199723970,Zoe Sasha Deckow,Lala Nuraini,0844827572670,Dk. Reilly Depok
3267221690484055,Jacquelyn Parker Thompson,Ami Pudjiastuti,0895312597077,Ds. Schimmel Tilamuta
3200102031327302,Tommie Jordan Padberg,Lamar Iswahyudi S.Psi,0813099608973,Ki. Julie Garut
3236996996454089,Sigmund Angel Russel,Karsa Perdana,0823973533495,Ki. Purdy Kalabahi
3299148935842822,Bud Parker Rosenbaum,Budi Sihombing,0860326623835,Psr. Beahan Wonogiri
3267634265306728,Naomi Leslie Hettinger,Ophelia Saraswati,0880867674576,Ds. Bill Tangerang
3239218836711117,Roman Marlowe Schinner,Nasab Anggriawan,0822029814940,Ds. Sauer Atambua
3260286608196184,Bridgette Hayden Schaefer,Dian Fathina S.H.,0800799411170,Kpg. Evert Cikampek
3240668262370782,Brisa Angel Padberg,Jamalia Pratiwi M.Ak,0841570644540,Kpg. Mable Toli Toli
3203136213298657,Jarrett Shiloh Lindgren,Zulfa Safitri,0805637316698,Jln. Carter Purbalingga
3275433950943169,Daniella Drew Barrows,Citra Namaga S.E.,0869250647609,Gg. Mckenna Andolo
3218989243800830,Alanis Dakota Labadie,Oliva Nasyidah,0824503220800,Ds. Jones Pemalang
3256084911701791,Rupert Dakota Grant,Puspa Oktaviani,0883665433341,Ki. Ondricka Singaparna
3213186668120318,Nova Bailey Lubowitz,Teddy Saragih,0850421882018,Jr. Windler Bolaang Uki
3223179559393526,Sarai Jaden Nikolaus,Hafshah Aqila,0876637365620,Kpg. Lewis Blitar
3283836207691853,Talon James Hartmann,Daryani Febian,0846523694156,Kpg. Feest Brebes
3274445417732909,Wilburn Jordan Legros,Laras Aqila,0827501667418,Gg. Borer Klungkung
3294820435400332,Olen Anderson Gleason,Kariman Megantara,0824912296490,Gg. Cletus Surabaya
3296091770899284,Norris Dakota Hegmann,Yani Yolanda,0895503218472,Ds. Alvera Madiun
3291314579033069,Rosemarie Jamie Kunde,Rita Nurdiyanti,0850970680928,Ds. Krajcik Tilamuta
3264282955052818,Pascale Skyler Sipes,Edi Kurniawan,0891267838026,Jln. Birdie Purworejo
3255522199841068,Abdul Kendall Leannon,Galuh Lazuardi,0856519813621,Kpg. Bartell Mbay
3215282351178506,Kamren Marlowe Grimes,Ratih Salsabilla,0898308633672,Ds. Erika Wlingi
3275231667482297,Nola Micah Hand,Uda Hardiansyah,0826267116466,Gg. Dandre Sukoharjo
3202484062730848,Winifred James Torphy,Wani Rahmawati,0882769106055,Ds. Zemlak Lewoleba
3240491700102107,Althea Jamie Champlin,Sarah Nurdiyanti,0828284013544,Jln. Helga Bangli
3288954230073508,Alvis Cameron Witting,Indira Fathina,0828625283779,Dk. Nicolas Rangkasbitung
3287937631538307,Marquise Anderson Murray,Eja Wahyudin,0887967721682,Ki. Mann Batu
3289802521716715,Keeley Sawyer Moen,Heru Rayhan,0833905214596,Psr. Friesen Bondowoso
3298489182120154,Mose Robin Spencer,Rizki Sinaga,0820595036051,Jr. Bechtelar Trenggalek
3257357651714861,Jairo Emerson Kris,Vero Saefullah,0822874951529,Jln. Grimes Depok
3233904547596044,Laverne Cameron Leuschke,Rosman Hidayat M.Pd,0827630108252,Ki. Randal Banggai
3238107427249181,Dion Bailey Orn,Mahdi Handoko,0831183153196,Kpg. Keyon Ngawi
3283317167701979,Evelyn Riley Reilly,Wage Sinaga,0887373810726,Jr. Schamberger Cibinong
3276839158212568,Ivah Shiloh Douglas,Taufik Hidayat,0801425429205,Jr. Ullrich Raba
3208116081985108,Fredy Dakota Hansen,Kirana Lailasari,0896006169998,Ki. Bridgette Subang
3297177713073176,Otha North Hansen,Nilam Namaga,0880227584494,Ki. Katelin Purbalingga
3292939054644157,Madonna Emerson Nitzsche,Kasusra Waluyo,0807359993067,Jln. Kassulke Sleman
3273913948185389,Devante Jules Hauck,Gamani Sabian,0873504938912,Jr. Walsh Praya
3207312913011266,Heaven Reign Fisher,Ivan Prasasta M.M.,0825022635913,Ds. Kellen Mojokerto
3273161810355750,Dorthy Skyler Kohler,Sherly Usamah,0818703244801,Ds. Johns Ungaran
3276332635449888,Theresa Parker Roberts,Lembah Wibisono,0892758280117,Psr. Makenna Cilegon
3297751259779248,Marcel Billie Jakubowski,Saadat Hutagalung,0809847605779,Ki. Oscar Nganjuk
3272050538435697,Oda Reese Dickinson,Jaka Irfandi,0857439752805,Psr. Littel Wangi Wangi
3260750094495359,Douglas Blake Cole,Violet Damayanti M.Farm,0897119413301,Kpg. Albin Takalar
3215532167229356,Abner Finley Leuschke,Kasusra Saputra,0886229718364,Jln. Jazmyne Bandung
3290309792129180,Kari James Quitzon,Mahesa Hidayanto,0880508077448,Kpg. Johathan Jeneponto
3235030328095704,Celia Billie Kuvalis,Oskar Prakasa,0843235019710,Gg. Greenfelder Purwakarta
3231066543071560,Earline Leslie Ebert,Emil Hardiansyah,0800316909230,Ki. Tatum Bajawa
3274925874803552,Eliezer Kyle Dooley,Anggun Ramadhani,0875397280107,Kpg. Edd Palopo
3265768079618752,Jarrell Shiloh Bayer,Oni Saraswati,0818983054580,Gg. Nienow Banyuwangi
3238240816144364,Keely Riley Jacobs,Among Situmorang,0872453566325,Psr. Dock Sigi Biromaru
3261061363257437,Jarrett Parker Heidenreich,Laras Aryanti,0868159795490,Jln. Waters Sukabumi
3246982426546487,Sebastian Nico Kling,Aditya Mustofa,0863031881683,Jln. Giovanni Palu
3255762264694239,Macie Dakota Mills,Bagiya Wahyudin,0861994612791,Kpg. Mayert Wonogiri
3220275536287936,Meredith Sage Blanda,Usyi Yuliarti,0816640699097,"Kpg. Maiya Negara,Bali"
3299960410059224,Issac Reagan Wisoky,Jefri Adriansyah,0807762716928,Psr. Darren Negara
3219391745819818,Chelsie Bailey Heidenreich,Chelsea Mandasari,0826898259710,Jr. Brakus Tambolaka
3215983103624207,Arlie Jaden Lubowitz,Lukman Rayhan,0893360117984,Gg. Nader Singaraja
3265259150883741,Isom Rory Ratke,Ghaliyati Pertiwi,0819602617703,Ki. Price Tambolaka
3273917255573043,Donna Avery Maggio,Ella Usada,0840617390030,Jr. Bennie Bulukumba
3290590713886372,Arjun Billie Collins,Yunita Nurdiyanti,0845590789040,Psr. Emelia Ngawi
3247224901369342,Julien Phoenix Beatty,Xanana Manullang,0899443967763,Gg. Runolfsson Wanggudu
3298030478546530,Adrienne Billie Batz,Gibran Firmansyah,0894866771439,Jln. Jarrell Sumedang
3242305259456970,Hershel Harper Fritsch,Dimaz Gunawan,0847989351362,Jln. Jaqueline Depok
3245787520031426,Winnifred Greer Krajcik,Hesti Hastuti,0890167464378,Ds. Erdman Banjarnegara
3249180484029653,Kacie Leslie Boehm,Safina Aurelia,0889368152748,Jr. Judge Gresik
3217635794839988,Rodrigo Taylor Klein,Raihan Prakasa,0842487369140,Ds. Elijah Ngamprah
3243966940994062,Ole Jordan Turcotte,Ifa Usada S.Gz,0883837258471,Dk. Niko Sidoarjo
3220409975334244,Pierce Sawyer Quitzon,Usyi Maharani,0821802676487,Jr. Dell Lasusua
3273595635926985,Flo Brooklyn Keeling,Bella Fujiati M.TI.,0828028538948,Ki. Alaina Ungaran
3269986018498206,Jamal Robin Gusikowski,Jasmin Yuniar,0815607646475,Dk. Kory Sengkang
3279203330860323,Gunner Riley Rice,Kenzie Faresta,0866311832475,Dk. Huels Makassar
3274992608197008,Adrain Leslie Will,Maimunah Aryanti,0823750476772,Kpg. Patsy Baa
3239829286619818,Hans Skyler Keeling,Aswani Prakasa,0895280033661,Ds. Gottlieb Rumbia
3280035808527323,Rosalinda Billie Schuppe,Safira Hartati,0872956371792,Kpg. Graham Gresik
3292627170820171,Clarabelle London Gusikowski,Zelda Kahyang,0884557042198,Ds. Mosciski Sigi Biromaru
3203817325365796,Kayley Sawyer Tromp,Dasa Febian,0890417025855,Ki. Lysanne Bekasi
3224951196672431,Deon Finley Stokes,Lala Maheswari,0811199631359,Kpg. Creola Bantaeng
3254766879771479,Adah River Ebert,Jamalia Kusmawati,0829439277738,Dk. Tina Sukabumi
3247321418133427,Elvis Jordan Stanton,Catur Wardana,0877599752986,Ki. Armani Boroko
3246160384991631,Beulah Robin Dietrich,Rahmawati Anandya,0822595013080,Jr. Jast Gianyar
3278314492080225,Vincent Austin Erdman,Kusuma Wahyudin,0809666325637,Gg. Dibbert Tangerang
3289258294497878,Reva Shawn Weber,Irma Azzahra,0857850310966,Ds. Cruickshank Rantepao
3286637570006968,Destiny Gray Metz,Ophelia Purnawati,0884277969384,Kpg. Waelchi Mataram
3213268179539760,Alexis Shiloh Stiedemann,Lidya Puspita,0896019201494,Gg. Arne Banggai
3299138555811981,Jaquan Jaden Yost,Harsaya Lazuardi,0835422660230,Jln. Marquardt Palopo
3250779927499700,Devan Sage Robel,Agustina Hastuti,0884255924274,Ds. Buckridge Surakarta
3212553370367549,Maegan Alex Bosco,Among Supriyanto,0836449696816,Ds. Reagan Jeneponto
3265384785200775,Lenna Shawn Altenwerth,Linda Nathania,0861431584379,Jln. Noe Kwandang
3287060381521890,Reynold Skyler Schaefer,Zaki Natsir,0807504186372,Kpg. Heaney Ngamprah
3280330372554313,Isobel Parker Hermiston,Paramita Jelita,0851228375805,Ds. Dahlia Tangerang Selatan
3233285499380844,Giovanny Cameron O'Hara,Latika Nuraini S.Sos,0801339367610,Dk. Cathryn Tondano
3273869096287233,Kraig Addison Schmitt,Natalia Hassanah,0858927037407,Jr. Keeling Polewali
3241447571216602,Ernie Austin Schumm,Ophelia Maheswari,0893259632521,Ds. Morissette Makassar
3271143691580127,Naomie Reign Schroeder,Harimurti Maryadi,0899872787543,Psr. Roxane Pati
3287949007892973,Frederick Gray O'Hara,Vania Puspita,0812347840712,Jr. Leonard Watan Soppeng
3264250997384707,Jayce Drew Stamm,Vania Rahimah M.M.,0890835420551,Jln. Mertie Rumbia
3207314892007836,Alyce Jaden Quigley,Sabar Waluyo,0891460319847,Ds. Lottie Barru
3246344455703808,Emmie Arden Flatley,Wani Mulyani,0879717562973,Jr. Juvenal Gresik
3291988584655807,Monserrat Elliott Mayer,Hasim Siregar,0865262969645,Jr. Fahey Bolaang Uki
3270298978495993,Darryl Logan Stoltenberg,Almira Hariyah,0874935127029,Ds. Jakubowski Kwandang
3220444168564853,Elijah Bailey Hilll,Gilang Hermawan,0869203368353,Kpg. Rowe Jombang
3248402492268540,Addie Avery Stehr,Elisa Rahmawati,0822204422620,Gg. Lenora Dompu
3201297444630522,Bruce Riley Dach,Lurhur Iswahyudi,0814853189010,Ki. Wiegand Kudus
3258661821819563,Tyrel Marlowe Beier,Warta Oktavian,0844877844002,Ds. Alisa Cibinong
3212719981377751,Joanny Ryan Jenkins,Anggun Azizah,0856196599911,Jln. Hans Semarang
3212462787580048,Joany Riley O'Connell,Ganjaran Wacana,0871595212002,"Jr. Wanda Negara,Bali"
3256555847605766,Maryam Reese Auer,Ihsan Irfandi,0867259543212,Psr. Dominique Probolinggo
3260183073003471,Vella Quinn Wintheiser,Cakrabuana Sudrajat,0810879105443,Psr. Welch Malang
3227238634550862,Sophia Kai Parisian,Eli Aurelia S.Pd,0806145898843,Gg. Newell Denpasar
3271086342435441,Teresa Kendall Hammes,Juli Pudjiastuti,0867671759425,Jr. Littel Nganjuk
3250079990578302,Lempi Bowie Zboncak,Saiful Firmansyah,0897907624445,Gg. Conn Majene
3270513943598734,Jacynthe Ellis Dickinson,Gina Usada,0843541864679,Jr. Augustus Kudus
3218418288582146,Caleb Robin Daniel,Novita Padmasari S.Pt,0808537909146,Jln. Armand Ruteng
3226020891374876,Watson River Lebsack,Eka Safitri,0837169868009,Gg. Jammie Enrekang
3250256985426101,Nikita Reagan Metz,Usyi Usada,0808092970325,Jr. Hettinger Cilegon
3286186691789769,Aurelia James Berge,Belinda Afifah,0871811817984,Gg. Waters Parigi
3294203774024199,Dina August Kautzer,Ibrani Utama,0820063567562,Kpg. Casper Probolinggo
3238597861820504,Randal Angel Collier,Harjo Pradipta,0837389268605,Gg. Cathrine Toli Toli
3227844484318211,Ezra Taylor Johnston,Laksana Widodo,0861210125120,Jln. Nicolas Badung
3276077632000956,Aaron Elliott Bayer,Nova Elvina,0857575149597,Jr. Hammes Rantepao
3237325735865063,Arne James Herzog,Tami Prastuti,0827206024445,Jr. Kovacek Probolinggo
3260184255188133,Lorena River Pagac,Ismail Yulianto,0819180592315,Ki. Wilber Rumbia
3288060032435159,Monroe Marlowe Monahan,Gamblang Dirgantara,0844492484998,Ki. Delphine Surakarta
3248391832395905,Karianne Elliott Brakus,Intan Usamah,0850012736408,Dk. Dicki Tangerang
3262476206730483,Forrest Addison Haley,Ganda Darmawan,0881525846707,Dk. Lehner Salatiga
3246670044255267,Rachelle Bailey Hauck,Sadina Rahayu,0803191365913,Jr. Frederik Salatiga
3247403898084331,Margot Angel Trantow,Radit Iswahyudi S.E.,0870858212112,Ki. Alf Atambua
3275325333194131,Arlene Rory Runolfsson,Yani Hartati,0802825393673,Kpg. Myron Sukoharjo
3299474123424966,Alfreda Skyler Veum,Fitriani Aryani,0884505777979,Ds. Mraz Purworejo
3275549514896638,Louvenia Bailey Harvey,Asman Pranowo S.E.I,0843637287520,Dk. Wyman Cirebon
3276570909710614,Karli James Bogisich,Daliman Thamrin,0874295190715,Ki. Efrain Jepara
3203168738357113,Marianne River Rice,Putri Andriani,0825974122694,Ds. Kyler Marisa
3247624209189964,Yessenia Kennedy Rath,Karya Simanjuntak,0849588247425,Kpg. Roslyn Singaparna
3244530432996611,Ottilie Addison Blanda,Uchita Ardiyanti S.H.,0833516816240,Jln. Beatty Pinrang
3297340905663736,Madisyn Taylor Hoeger,Dimaz Pradipta,0806231617105,Gg. Francis Wonosobo
3281900099416645,Raphaelle Cameron Hane,Shakila Farida M.Pd,0848912756020,Jln. Strosin Indramayu
3259424909130788,Tyshawn Logan Upton,Salman Natsir,0823926969201,Kpg. Gulgowski Madiun
3235209700938294,Mckenna Addison Pacocha,Karya Rahardian,0840962472765,Jr. Newell Situbondo
3206220660154682,Gillian Quinn Parker,Paramita Maryati S.H.,0896166500188,Dk. Noah Kota Raha
3264979582062786,Dario Dakota Wehner,Tina Astuti,0884244806117,Gg. Nikolaus Purwakarta
3225263286221785,Rosemary Billie Hagenes,Calista Kusuma,0894233512840,Ds. Kyla Bogor
3299330788834171,Zion Sawyer Brakus,Enteng Prayoga,0819353882866,Dk. Willis Kudus
3264331887502404,Bettie Arden Schmeler,Olivia Melinda,0850543426102,Psr. Jacobson Cikampek
3290981130547437,Christ Taylor Lueilwitz,Darmaji Wicaksono,0884448607415,Dk. Beer Purbalingga
3220166770125364,Karen Robin Upton,Koko Santoso,0891631004420,Jln. Bergstrom Marisa
3259554331977605,Lilliana Greer Zboncak,Ridwan Wibowo,0817543688271,Kpg. Julianne Banjarnegara
3211116178543809,Garret Rowan Hoeger,Citra Aryanti,0811716386859,Gg. Spinka Demak
3228233821624677,Harrison London Hermiston,Ade Purnama,0841092567671,Ki. Mayer Bogor
3229184471513461,Wilfredo Avery Bartell,Irsad Purnawarman,0836835602343,Kpg. Raynor Unaaha
3269217241899338,Phoebe Gray Greenfelder,Ella Salma,0843914625648,Jln. Graciela Banyumas
3201326959821492,Meda Jules Rice,Bagus Maryadi,0858931169858,Dk. Feeney Parigi
3298452977824825,Keely Gray Schmitt,Hari Sihombing,0883462680329,Ds. Elmore Tahuna
3212657207795684,Marques Micah Bayer,Novi Lailasari,0864464165471,Dk. Jovany Tabanan
3245966675585195,Stacy Logan Reichert,Qori Hassanah,0824432180762,Gg. Bergstrom Salatiga
3275456934799859,Bernardo Emerson Brekke,Anom Kuswoyo,0802286330426,Kpg. Haag Cirebon
3270414634591114,Reta Phoenix Wuckert,Zelda Salsabilla,0838603496398,Ki. Charley Tigaraksa
3244431296543460,Neal Sage Howell,Bakda Syahreza,0834142596145,Kpg. Torphy Negara
3213452837043100,Oscar Finley Cruickshank,Dyah Utami,0883176305462,Dk. Georgiana Bangli
3233696086396902,Kaitlyn Austin Kilback,Dono Prayoga S.IP,0885797570160,Jln. John Banjarnegara
3247419637225756,Brandy Marlowe Schmeler,Ina Suartini,0869691683094,Kpg. Armstrong Donggala
3284190612501945,Ferne Drew Torphy,Gandi Nanda M.Ak,0806292650984,Dk. Orn Yogyakarta
3267324646166096,Efren Avery Cummerata,Iriana Leilani,0822159301344,Gg. Damion Wonosari
3266498759826939,Devan Noah Rutherford,Janet Usamah,0852296739800,Jln. Serena Ende
3250188697354946,Orland Alex Mante,Nurul Suryatmi,0869226196761,Jln. Heaney Bima
3226518903832845,Roberta Billie Hammes,Kasim Natsir,0848367871685,Psr. Wehner Bogor
3219149990218072,Jaylon Addison Stamm,Maida Wahyuni,0878214342385,Kpg. Cecilia Subang
3204478944881176,Leslie Kendall Rowe,Banawa Permadi,0871874072252,Dk. Stehr Pare-Pare
3296809486898594,Rosie Kai Lowe,Hendri Ahmad S.E.I,0862654665462,Ds. Raynor Mataram
3207967627588794,Mabelle Charlie Hammes,Wadi Hutapea,0833133591826,Kpg. Corkery Sidoarjo
3249301980072849,Annabelle Jaden Daniel,Dodo Kuswoyo,0821034036900,Dk. Wilkinson Majalengka
3270941393343489,Madaline Riley Cronin,Garda Mandala S.I.Kom,0863722386862,Dk. Tyree Jepara
3204187617399456,Vito Angel Lakin,Jelita Purnama S.Farm,0899434347491,Ki. Abbott Nganjuk
3248879903327101,Eldon Quinn Schamberger,Ika Pertiwi,0840881522124,Psr. Johan Sunggu Minasa
3232029474918337,Brenden Greer Moore,Ghaliyati Ningrum,0810828685510,Ki. Hoeger Cikarang
3256985847000959,Penelope Parker Schuster,Samiah Salsabilla,0810177105914,Ki. Osinski Pemalang
3229680722579670,Lee Sawyer Block,Puspa Suryatmi,0802026623150,Psr. Jordi Wonosari
3233726530183244,Vivian Reese Sauer,Rama Sabian,0835776412517,Gg. Tremaine Marisa
3230515977962510,Joyce Anderson Bashirian,Ophelia Ramadhani S.Psi,0887094212064,Jln. Hand Jeneponto
3217189101462044,Maye Jordan Renner,Bahuraksa Syahreza,0897580876860,Jln. Elta Subang
3225755390724352,Tracy Riley Russel,Cecep Sirait S.Pt,0843988489988,Psr. Heathcote Waikabubak
3283472174970060,Jonatan Harper Davis,Ade Hutapea,0870047875522,Ds. Crona Kraksaan
3205476923139287,Liana Shiloh Cronin,Dipa Ramadan,0889941805825,Jr. Ankunding Wonogiri
3283321730447840,Caitlyn Bailey Hintz,Ulva Safitri,0848377927353,Psr. Alberto Luwuk
3275790556906251,Chaya Billie Durgan,Ika Ananda,0867733620973,Dk. Ken Sinjai
3211803192587406,Cathryn Ryan Cummerata,Jais Utama M.Kom.,0837423472405,Kpg. Ruby Bitung
3244037699030849,Joshuah Corey Dooley,Siti Maheswari,0829780565226,Jln. Tromp Mojokerto
3287128694963758,Noelia Dakota Sawayn,Anastasia Mardhiyah,0865425757032,Kpg. Myrna Cilacap
3238872094956351,Geoffrey Logan Langosh,Elvina Juwita,0821271624111,Ds. Toy Purwokerto
3281317735995428,Cyril Ellis Ernser,Artanto Rahardian,0835128649163,Kpg. Deckow Cilacap
3298119660607350,Elva Sage Zboncak,Carla Lailasari S.Gz,0875836026606,Jr. Unique Watampone
3269598623191848,Kaia Bailey Kub,Hasna Yuniar,0872578666662,Ds. Maximilian Batu
3219850326574215,Sandra River Lesch,Julia Purwanti,0858148678460,Ds. Rigoberto Blora
3225771768301793,Abraham Brooklyn Harber,Azalea Rahmawati,0801063502100,Psr. Grimes Bantul
3205182194615535,Andrew Quinn Sporer,Ellis Yuniar,0822245330504,Psr. VonRueden Kendari
3232498778676106,Gustave Anderson Langosh,Tri Pratiwi,0801226424043,Dk. Wuckert Suwawa
3285855328802663,Deangelo Billie Ferry,Yoga Purnama S.Ked,0857660656931,Psr. Avis Kraksaan
3276126668580866,Danyka Billie Terry,Daliono Hakim M.M.,0803162208002,Gg. Wehner Sragen
3225164963298178,Lina Jordan Ledner,Michelle Nasyidah,0872666466219,Dk. Shayne Gorontalo
3204442495565601,Maudie Austin Hermiston,Bakijan Rayhan,0865559074830,Jr. Janie Klungkung
3230908711714655,Jon Charlie Mohr,Yance Suartini,0885390270771,Jln. Murphy Makassar
3291260659948842,Noemy River Goodwin,Karimah Yuniar,0868644672056,Jr. Breitenberg Kepanjen
3268426761565217,Leonard Kendall Ratke,Anggun Saraswati,0850356091618,Psr. Schuster Sampang
3262903369107606,Tamara Marlowe Konopelski,Salwa Riyanti,0898293057490,Kpg. Alex Kolaka
3202001281588721,Khalil Micah Gibson,Slamet Adriansyah,0816106760619,Ki. Emma Lumajang
3242942693342813,Ryley Drew Adams,Irsad Antoni,0895857264362,Ki. Wallace Sampang
3211802071185700,Cristopher Quinn Kihn,Calista Yolanda,0872268705099,Ds. Batz Selong
3210460175483383,Ayden Shawn Auer,Dyah Rachmawati S.Pd,0823545054123,Gg. Wilmer Magetan
3252232195832399,Bonnie Kai Kutch,Cahyono Rajata,0867211900450,Ki. Clifford Tomohon
3283850381713256,Kraig Jordan Franecki,Eka Uyainah,0819089097570,Psr. Assunta Slawi
3256243680670862,Theron Logan Hills,Rosalina Yolanda,0856104855605,Gg. Twila Banyuwangi
3279837046309166,Daphney Emerson Hahn,Darmanto Zulkarnain,0859224436484,Ds. Lowe Takalar
3247823627771632,Armand Addison Carroll,Ana Harini,0878476853372,Gg. Cleora Mamuju
3248681780220704,Kariane Kendall Dare,Jaga Wibisono,0887235595554,Psr. Aufderhar Boroko
3245213695429701,Madelynn Charlie Spinka,Reksa Faresta,0869771859564,Dk. Connelly Kendari
3219951631874233,Lexi Charlie Berge,Maida Purnama,0848747262960,Dk. Emard Ondong Siau
3279454247406909,Tyra Logan Blanda,Balapati Nababan,0894854053508,Kpg. Donnelly Wonosari
3270166569927292,Geraldine Brooklyn Runolfsdottir,Panji Zulkarnain,0804250973539,Gg. Schneider Sumbawa Besar
3263510653012681,Lionel Nico Beer,Elvin Aswandi S.IP,0866929295251,Dk. Schamberger Bajawa
3213333198972543,Dominique Blake Gleichner,Jasmani Prakasa,0842453871674,Ki. Dickinson Pandeglang
3227395660551604,Destiny Emerson Lind,Yessi Kusuma,0894847642391,Jln. May Kota Raha
3293256064613627,Ava Riley Mann,Naura Yuniar,0850895196567,Jln. Peggie Purwakarta
3215918010553309,Adell Ellis Maggio,Dian Pratiwi,0878632488721,Psr. Charlotte Sunggu Minasa
3293220774251915,Lukas Micah Yundt,Purwanto Oktovian,0855237203193,Ki. Louisa Jombang
3206459793773299,Tyra Logan Reynolds,Cakrabuana Permadi,0885100827580,Ki. Nader Melonguane
3212444612120485,Anika Harper Casper,Eman Ardana,0897295515123,Jln. Weimann Gresik
3246797790422906,Madison Arden Ward,Yunita Prastuti M.Pd,0877158264061,Ds. Hilario Mojokerto
3259133878652447,Tressie River Jacobi,Asmianto Siregar,0841751209808,Gg. Quitzon Sidoarjo
3232965296227036,Arnaldo Micah Kertzmann,Ajimat Satria,0883409908421,Jln. Weimann Majalengka
3251002089436057,Chase Reign Koelpin,Laksana Prasetya S.Pd,0850875368150,Psr. Metz Watan Soppeng
3239303261710775,Nicklaus Hayden Baumbach,Vinsen Purnawarman,0859137248136,Dk. Winnifred Sumenep
3200715840380675,Tommie Arden Fadel,Yulia Ardiyanti,0818148508979,Ds. Wisozk Ampana
3209402340072223,Alfreda Corey Price,Cakrawangsa Hidayat,0805052475566,Jr. Luettgen Purworejo
3268897241922019,Sigurd Nico Vandervort,Ana Laksita,0844173720246,Jln. Clementine Takalar
3255322850952548,Arnulfo Taylor Breitenberg,Silvia Maryati,0841042083318,Dk. Bartoletti Mamuju
3259689433488876,Greta Kennedy Bartoletti,Darman Putra,0884275867602,Jr. Kutch Tanjung
3209286241387643,Delores Robin Durgan,Jessica Zahrah,0834369271145,Dk. Lynch Pati
3210603836648828,Nico Angel Davis,Ulva Aqila S.IP,0851959074279,Psr. Rhiannon Ambarawa
3267687691970428,Christop Leslie Hermann,Hesti Yulianti,0895696545230,Ki. Ruecker Dompu
3234976120450664,Brenden Leslie Orn,Dasa Pangestu S.Pd,0892185909819,Kpg. Kunze Ciamis
3240036805958798,Stacey James Prosacco,Hamima Handayani,0889363705732,Psr. Brendon Yogyakarta
3258029925389333,Lila Hayden Kris,Melani Ningrum,0868421943614,Ki. Cremin Batang
3251160307524294,Daniela North Durgan,Asmuni Habibi,0875159392139,Jr. Nolan Banyuwangi
3253348891434409,Faye Riley Friesen,Winda Sudiati,0895810822843,Ki. Hugh Wonosobo
3264167799439749,Sadye Taylor Armstrong,Elon Ardana,0800932778573,Gg. Tyrell Waikabubak
3261134726382699,Buster Kendall Osinski,Gadis Zulaika,0841226493997,Ki. Cristobal Suwawa
3260773812734548,Tyshawn London Greenholt,Sari Yuliarti,0866529281319,Jln. Natasha Pelabuhan Ratu
3263883964619582,Andre August Altenwerth,Nardi Januar S.Gz,0855058853684,Dk. Hammes Makale
3298226298690235,Jackeline Jaden Bogan,Umi Azzahra,0874182777016,Jln. Ellie Jeneponto
3264299685215604,Lukas Brooklyn Abshire,Ganep Mangunsong,0888519077782,Kpg. Kutch Sumber
3217911767343401,Bobbie Jaden Farrell,Yulia Nasyidah,0865692897332,Ki. Jeff Sumedang
3253052839166143,Soledad Rory Rolfson,Faizah Azizah,0835849922484,Jr. Toney Nganjuk
3246818668684582,Jovanny Avery Jaskolski,Cornelia Halimah S.Sos,0821440895894,Ds. Gaetano Boroko
3277777866707000,Catherine Gray Pouros,Bella Lailasari M.M.,0888600833883,Psr. Johnston Palu
3223254731286204,Kaylie Alex Oberbrunner,Ina Pertiwi S.Farm,0811207778558,Ki. Emard Pinrang
3226040677787000,Domenica Sasha Lowe,Gaduh Airlangga,0820061459438,Dk. Ignacio Jember
3288348849554780,Israel Hayden Witting,Najib Zulkarnain,0848430717213,Ds. Carroll Brebes
3227753623565812,Gabriel Kennedy Fisher,Martani Sitompul S.Pd,0846517116262,Jr. Moses Pemalang
3299650950185880,Hayley Kyle Gleichner,Ilsa Agustina M.M.,0859383689174,Dk. Haag Sumbawa Besar
3222896872409858,Fern Avery Gislason,Rika Pertiwi,0887177457792,Ds. Mitchell Baa
3229099388523533,Sherwood Jaden Erdman,Cager Putra,0817158516712,Psr. Marjory Larantuka
3265867628695850,Mozelle Charlie Lakin,Sasha Novitasari,0803497086599,Ds. Cale Sukoharjo
3296585848714539,Alanna Sawyer Sauer,Kasiran Lazuardi M.TI.,0800019176800,Ds. Fahey Bumiayu
3218164540281656,Jaclyn Reagan Olson,Upik Budiyanto,0865406201458,Dk. Martina Bantaeng
3241340461559720,Kathleen Shiloh Grimes,Raisa Putri,0857229075455,Gg. Eva Blitar
3296482087979237,Ludwig Billie Spencer,Ega Kuswoyo,0881612953881,Gg. Curt Melonguane
3249838510406563,Branson Harper Mayer,Asirwada Saragih,0801721572296,Jr. Mertz Bajawa
3294090344493008,Izabella Drew Corwin,Jati Nababan M.Kom.,0886009079328,Jr. Monserrate Indramayu
3286888785945853,Mac Skyler Bode,Rosa Wijayanti,0857129809187,Kpg. Fern Bantaeng
3205705302563533,Imani Austin Wolf,Ratih Uyainah,0878639680438,Jln. Erich Ponorogo
3237773282631808,Wyman Skyler Yost,Karja Mustofa,0872588826344,Ds. Littel Benteng
3260061315083690,Mable Kai Schmidt,Jane Kusuma,0847752569942,Dk. Barney Airmadidi
3256030071112932,Edwin Austin Glover,Cindy Nathania,0866000456666,Ds. Tromp Watampone
3252228012128688,Daniela Corey Schamberger,Oni Riyanti,0800816829250,Ds. Aidan Caruban
3265934988382633,Winifred Riley Koepp,Carla Pudjiastuti,0877040506543,Jr. Jesse Sumbawa Besar
3200211423676027,Asia Jaden Graham,Lintang Andriani,0895017004688,Dk. Marianne Tigaraksa
3234170310360316,Donnie Phoenix Lang,Anggun Rachmawati,0834832904416,Kpg. Kali Sumedang
3271206186493312,Tressie James Halvorson,Laras Wijayanti,0813746469132,Gg. Haley Tahuna
3279766250404814,Trevor London Brown,Sabrina Novitasari,0832530088786,Ds. Rodriguez Makale
3287028491121482,Rashad Bailey Hoeger,Vanesa Azzahra,0830254807130,Jln. Rodolfo Purbalingga
3230258591339353,Mary Greer Schiller,Atma Hutapea,0804281177434,Ds. Alf Yogyakarta
3279681921403562,Stacey Parker Kuvalis,Hani Melani,0849812301258,Jln. Stamm Tangerang Selatan
3279746126061099,Margarita Angel Legros,Cagak Kurniawan,0818750122926,Dk. Predovic Mbay
3298106198646138,Jacinto Ellis Feest,Clara Haryanti,0898115761048,Jr. Buckridge Sinjai
3239798289737838,Sabina Shawn Hartmann,Rangga Wardana,0809085578129,Ki. Maggio Sumedang
3204565019115769,Hillard Sawyer Murray,Nalar Saragih,0883203351159,Kpg. Lola Pasangkayu
3289142587344671,Carley Arden Corwin,Bakidin Firmansyah,0887215476105,Kpg. Stark Banggai
3246128639382591,Britney Charlie Friesen,Gatra Abiputra,0873514429661,Psr. Ryan Pandeglang
3281514993926797,Velda Shawn Rempel,Aurora Saraswati,0887156536831,Kpg. Granville Jombang
3221175161592599,Quincy Rowan Fahey,Caket Maheswara,0813043461711,Gg. Denesik Jombang
3206813598664681,Alessandra Taylor Dare,Asmuni Setiawan,0878833225693,Kpg. Cleo Ende
3297985297916152,Emelia Avery Bayer,Eli Lestari,0846330065657,Jr. Maymie Ruteng
3216353749726821,Melba Jamie Heller,Emil Febian,0860946832422,Ki. Collier Tulungagung
3254542772187529,Griffin Blake Treutel,Indah Hartati,0874311491390,Ds. Roma Jember
3204840948692453,Roselyn August Schultz,Lili Puspasari,0848050782398,Jr. Reyes Ondong Siau
3240568837054308,Nat Nico McKenzie,Syahrini Maheswari,0821043223249,Kpg. Rice Cibinong
3214592104614337,Green Hayden Abernathy,Yunita Oktaviani,0884711664041,Ki. Parker Bau-Bau
3208383381242530,Maudie Elliott Price,Xanana Wijaya S.IP,0818176466268,"Psr. Russel Negara,Bali"
3276691741017310,Alysha Sasha Muller,Adiarja Abiputra,0856275795207,Dk. Kovacek Banjar (Jawa Barat)
3286554121923115,Dorthy Robin McGlynn,Makara Zulkarnain,0845240719347,Psr. Schaefer Tutuyan
3227682858364937,Adelia Noah Windler,Gada Tarihoran,0889174054550,Jln. Lourdes Tulungagung
3289887106340693,Al Emerson Towne,Jail Agustian,0893524816478,Jr. Paul Bulukumba
3248194109562441,Manuel London Hudson,Kamila Namaga,0866886899642,Dk. Stiedemann Ratahan
3261567680264327,Claudie Bowie West,Violet Aqila,0850413930136,Psr. Emile Ngawi
3284488217800970,Candido Jules Herman,Dewi Jelita S.T.,0803554485317,Ki. Streich Unaaha
3265542513095979,Curt Kyle Littel,Raihan Saragih,0811736893906,Ki. Erika Gianyar
3229028266062499,Kayley Robin Bode,Lestari Agustina,0870403447353,Jr. Hammes Tanjung
3205474716549438,Jane Parker Champlin,Drajat Situmorang,0804328572028,Psr. Auer Ungaran
3272392704525555,Giovanni Micah McGlynn,Kasim Wasita,0825229579452,Gg. Kub Sleman
3271792025844068,Ubaldo Kai Torphy,Paris Rachmawati,0856186627905,Kpg. Murphy Gresik
3215642898530216,Collin London Mayert,Raina Saputri,0860303339705,Kpg. Mary Tondano
3239992742497854,Davonte Riley Dicki,Uli Agustina M.TI.,0813709344029,Kpg. Alexandria Garut
3276342849507039,Elouise Kendall Welch,Bagus Utama,0823931472377,Kpg. Lolita Palopo
3296289617070327,Landen Emerson Marks,Samsul Manullang S.IP,0869002775887,Psr. Hope Kendal
3245609672792979,Ryder Jules Windler,Diana Juwita,0891821776121,Psr. Lowe Ciamis
3294361869256540,Cathrine Corey Rosenbaum,Yuni Saraswati,0872751694868,Ds. Okuneva Mojokerto
3267070322290600,Darion Noah Waters,Cinthia Mustika,0842788233795,Ds. Maybell Rembang
3252506776835920,Hyman Greer Corwin,Lestari Safitri,0882530872632,Ki. Zboncak Sragen
3235764245536879,Heaven Anderson Cruickshank,Diah Permata,0809871970769,Ki. Heidenreich Blitar
3289243635193040,Ervin Rowan Treutel,Radika Purnawarman,0891094898275,Ds. Haag Cirebon
3224552652247518,Emmanuel Charlie Mertz,Edison Rahardian S.Sos,0858280545296,Psr. Nicolas Melonguane
3246178665254677,Theresa Phoenix Pfannerstill,Ilyas Situmorang,0848102874901,Dk. Gulgowski Jepara
3208654683454819,Clark Ryan Gibson,Amalia Wahyuni,0853986861684,Jln. Bins Anyer
3284708057069501,Terrill Marlowe Hammes,Kezia Usamah,0864117748062,Ki. Jose Rantepao
3267514988189631,Karelle Gray Shanahan,Rini Andriani M.Ak,0817619634322,Dk. Adela Pacitan
3227045530787413,Ofelia Blake Koepp,Cagak Salahudin S.H.,0823095109352,Ki. Murray Kraksaan
3232054341324916,Dayna Billie Batz,Bala Nugroho,0858597253610,Jr. Shanahan Tangerang
3217002181309645,Perry Phoenix Heaney,Gaiman Gunarto,0810806395240,Jln. Rasheed Selong
3260672819664273,Shanny Rowan Considine,Indira Anjani,0888040153366,Ki. Mayert Palu
3276589716262967,Maximo Logan Mann,Prabu Narpati,0878913484512,Kpg. Evan Kolaka
3243309710238719,Magdalena Jordan King,Wira Rayhan,0851152615817,Ds. Corwin Praya
3200485631944045,Ezra Addison Kohler,Ratih Purnama,0834865674645,Ki. Tremblay Purwakarta
3250429284985489,Gretchen James Johns,Endah Safitri,0800782541975,Ds. Streich Bulukumba
3225568817533562,Davin Rowan Zieme,Irsad Budiyanto,0853579426282,Kpg. Elisha Donggala
3253096538623590,Jefferey Blake Ortiz,Jaga Firmansyah,0836061528619,Jln. Murray Jepara
3235703173421842,Alaina Ryan Streich,Tantri Hartati,0879494820846,Psr. Faye Mataram
3264770655184062,Anita River Tillman,Rizki Narpati,0897900842309,Kpg. Will Blora
3238110556087577,Mozell Bowie Lindgren,Balamantri Nashiruddin,0826673754718,Gg. Klocko Bitung
3225748563567749,Billy Austin Fadel,Elisa Yulianti,0816801827289,Dk. Tatyana Takalar
3293291071347644,Lavonne Leslie Macejkovic,Lutfan Sitorus,0820992584493,Jln. Krystel Andolo
3242731841754603,Kane Billie Gutmann,Restu Purnama,0807017369065,Kpg. Jamel Boroko
3266273273050873,Precious Jules Greenholt,Gilang Purwadi S.T.,0830707516889,Psr. Brad Raba
3245342919022005,Lindsey Reese Carroll,Dyah Rahmawati,0855877987099,Psr. Kreiger Wonosari
3201001566232304,Collin Avery Jacobs,Uchita Purnama,0897009688702,Dk. Vivien Gianyar
3290207923617162,Tiffany Reese Windler,Karen Pratiwi,0890288598491,Jln. Mayer Boyolali
3220658945420585,Jalen Reese Labadie,Kariman Pradipta,0859464172812,Gg. Audrey Banggai
3280160108922419,Jessica Kennedy Jacobs,Kartika Fujiati,0865923711305,Kpg. Lazaro Baa
3242517822398434,Lawson Micah Cruickshank,Tri Hidayat,0878677110963,Jln. Rolfson Cibinong
3213174002490183,Judge James Cummerata,Pia Nurlaela,0890801560419,Ki. Judd Marisa
3263194284963672,Westley Austin Ebert,Lasmanto Hardiansyah,0800250105646,Gg. Jordon Pinrang
3204886461650367,Della Jamie Mertz,Kala Adriansyah,0866064618967,Kpg. Alvera Karangasem
3293715162220236,Idell Robin Parisian,Chandra Sinaga,0811795410038,Kpg. Kuhlman Wonogiri
3206934725804974,Gene Shawn Oberbrunner,Upik Nugroho,0889960688095,Jr. Hodkiewicz Sumedang
3221138050992972,Laverna Riley Steuber,Gambira Napitupulu,0872065880627,Ki. Quitzon Sumedang
3258635813850874,Jayden Billie Douglas,Febi Rahayu,0896798326529,Psr. Rafael Bulukumba
3296773558248727,Norberto Jaden Jacobi,Rita Azizah,0830610298966,Psr. Baumbach Indramayu
3231015083050802,Garth August Bergstrom,Dyah Agustina,0871142778978,Psr. Stracke Tasikmalaya
3280609596041868,Misael Bailey Grady,Aditya Irawan,0804526332550,Psr. Dayne Probolinggo
3225857680824338,Riley Taylor Casper,Pia Fathina,0801775416685,Ds. Langworth Pelabuhan Ratu
3271575636710065,Oleta Jules Windler,Raina Nuraini,0891177933086,Psr. Feil Anyer
3281793854100390,Kory Arden Von,Ditya Andini,0844159348807,Jln. Dominique Banjarnegara
3228790149590817,Telly August Kuvalis,Eli Susanti M.Pd,0834310450385,Psr. Jazmyn Jeneponto
3284897129966189,Dewayne Cameron Kreiger,Gangsa Narpati,0830422839571,Jln. Kohler Bangil
3245448987080414,Rodrick Jules Mayert,Virman Bagaskara,0860449003200,Ki. Hadley Pekalongan
3275388122795576,Monserrate Sawyer Olson,Wirda Widiastuti,0827577291230,Kpg. Josiah Rembang
3204928371390906,Jannie Emerson Adams,Rini Elvina,0801994168566,Jr. Leannon Purwokerto
3277260466534936,Laney Charlie Schneider,Danang Halim,0805806752637,Ki. Verda Waingapu
3288363002205420,Daniela Phoenix Bode,Emas Syahreza,0824496444995,Ki. Lyda Rangkasbitung
3294306778159514,Joy Logan White,Galak Prabowo,0822997387743,Gg. MacGyver Jember
3251972676527434,Freida Micah Hauck,Narji Budiman S.Kom,0864489713503,Dk. Leonora Demak
3283416458802521,Kaylee Shiloh Ernser,Agus Wijaya,0819053957012,Kpg. Carol Purwodadi
3293679312687190,Royce Phoenix Reinger,Rosalina Andriani,0861190423066,Jln. Stokes Parigi
3264170815714695,Verona Rowan Wiza,Yono Wibowo,0801743878604,Ki. Nicolas Palu
3208529740860078,Mozelle Sawyer Buckridge,Danuja Ahmad,0837920180263,Ds. Mann Boroko
3202451674328399,Jayson Avery Anderson,Simon Situmorang,0861511015971,Dk. Toy Batu
3262617678733291,Lesly Micah Wintheiser,Restu Aurelia,0884174555861,Ds. Sanford Brebes
3223979924456879,Lonzo Avery Littel,Puji Zulaika,0839179681953,Jln. Tillman Labuhan Bajo
3277765669754663,Retha Avery Erdman,Ifa Leilani M.TI.,0872320277442,Kpg. Micaela Surabaya
3263810381221869,Luis Hayden Bruen,Elvin Saputra,0888992682399,Ki. Borer Kendal
3230819838389342,Noel Harper Osinski,Eka Riyanti S.E.I,0897925613869,Ds. Rempel Larantuka
3251464059465945,Dora Avery Rowe,Ibun Rahardian,0872568563087,Ki. Runolfsson Bantul
3288704381850894,Blanca Leslie Muller,Laswi Alamsyah M.M.,0806347789140,Ki. Sylvester Bumiayu
3294336469243279,Efren Bowie Cremin,Emin Mandala,0857783975366,Jr. Prohaska Rantepao
3288594963810746,Eudora Jaden Hamill,Irawati Putri,0861938058335,Gg. Yundt Kawangkoan
3218411874700120,Keenan Skyler Hagenes,Septi Mulyani,0824149146908,Kpg. Wilton Majene
3255307364653800,Jaquan Blake Braun,Tira Rahayu,0837862224961,Jln. Tamia Melonguane
3282001642550822,Karine Corey Emmerich,Karna Salahudin S.Ked,0813775728886,Dk. Emanuel Rangkasbitung
3298611542177938,Dedrick Noah Friesen,Rosalina Prastuti,0880555572536,Psr. Wilburn Majene
3253396411565344,Eloise Parker Bergstrom,Chelsea Riyanti,0858061869641,Jr. Frank Tegal
3232545463796892,Kaylee Dakota Lind,Galur Mandala,0876989014523,Kpg. Lacy Tegal
3296596841857743,Cole River Crooks,Puspita Rahmawati,0815112938279,Kpg. Emmanuel Magetan
3258373851541660,Verona Nico Erdman,Ganjaran Herlambang,0856512829360,Ds. Roob Pelabuhan Ratu
3298390398708788,Margarete James Schoen,Jail Arifin,0813989373158,Dk. Leann Denpasar
3257164854209464,Gino Parker Leffler,Erik Habibi,0852551949150,Ki. Armand Gianyar
3298982775524410,Marie Quinn Kessler,Purwadi Maulana,0807274213901,"Ki. Cruickshank Negara,Bali"
3217851704668900,Angelina Shawn Turner,Ulva Mayasari,0850813455503,Psr. Iva Cilegon
3283818200182581,Karlee Emerson Roberts,Dian Mustika,0852717451240,Ds. Providenci Bantul
3254046966176186,Mellie Angel Roberts,Soleh Salahudin,0879181276596,Jln. Grimes Ondong Siau
3237896488753507,Logan Addison Huels,Najwa Laksita,0853348759921,Jr. Will Sumenep
3244365833025352,Celestine Marlowe Walsh,Linda Salsabilla,0810422638103,Ki. Hintz Salatiga
3285962001653444,Frederique Bailey Witting,Prayitna Nashiruddin,0889779106032,Psr. Renner Ciamis
3290057728608974,Gilbert London VonRueden,Cinthia Andriani,0891451384885,Ds. Kallie Jepara
3224378637990352,Sandrine Shawn Mraz,Kairav Simanjuntak S.E.,0877641138496,Jln. Hillard Kajen
3293231138450675,Idella Sawyer Langworth,Rusman Darojat S.IP,0822478512394,Dk. Felicity Batu
3235418753952645,Gregoria Finley Farrell,Retno Suartini,0869691487858,Psr. Fay Waingapu
3264630610356107,Kayden Jules Botsford,Shania Nuraini,0860405875192,Psr. Robert Tangerang
3203888726794547,Ursula Logan Tillman,Karta Tarihoran,0842845957678,Ds. Swift Mojokerto
3248161834116961,Tatum Ellis Purdy,Sasha Mahestri,0886698523304,Gg. Thompson Majene
3222343163350212,Shannon Kendall Leffler,Maya Damayanti,0802295324627,Jr. Jovani Maumere
3206653415595565,Eula Shawn Jakubowski,Ajimat Anggriawan,0870968173405,Jr. Blake Unaaha
3227235456629552,Camryn Taylor Reilly,Ida Oktaviani S.Psi,0818271644326,Kpg. Mike Wates
3279783854143055,Ezequiel Riley Oberbrunner,Laksita Juwita,0864161191129,Dk. Wyman Mojosari
3221781645592897,Lonnie Anderson Romaguera,Hamima Puspasari,0823573036472,Jln. Eduardo Kajen
3272802180506608,Mark Riley Turner,Ilsa Mahestri,0833683876079,Jr. Farrell Takalar
3223098395817665,Theresia Gray Kautzer,Anita Kusmawati,0864590247578,Jln. O'Conner Ponorogo
3201643592310057,Karolann Reign Gulgowski,Nadine Pertiwi,0895697273342,Kpg. Gustave Mbay
3284203290340185,Shaniya Arden Torp,Maria Sudiati,0893512254006,Dk. Nadia Pasangkayu
3250474246822602,Benny Corey McDermott,Yuni Pudjiastuti,0882116635817,Ki. Emerson Rumbia
3293624368290403,Skye Drew McDermott,Luhung Gunarto,0843137207502,Ds. German Madiun
3282262516079496,Clementine Rory Champlin,Chelsea Zahrah,0811408599027,Dk. Marvin Unaaha
3258874590891282,Alvis Harper King,Hadi Perdana,0819286418368,Jr. Beatty Benteng
3209056920601632,Brendan Shiloh Heller,Nardi Situmorang,0814151820976,Ds. Miller Bajawa
3270882338210741,Rafaela Greer Beier,Vania Yulianti S.Kom,0813683053169,Psr. Robel Larantuka
3280185486082435,Gilbert James Glover,Fathonah Ningrum M.Pd,0838150210710,Gg. Gwen Dompu
3209921407919958,Koby Phoenix Pfeffer,Aris Nashiruddin,0891783058680,Ds. Leda Tabanan
3257994806823447,Aiden Skyler Konopelski,Padmi Maheswari,0866394049770,Jln. Oberbrunner Bantul
3266917101162759,Catherine Bowie Turcotte,Ditya Susanti,0833136553684,Dk. Emmet Ruteng
3250040247064061,Wilburn Leslie Jacobson,Vega Pratama,0858636116228,Ds. Trent Benteng
3261424274881429,Frances Drew Quigley,Winda Salma S.I.Kom,0870411615219,Kpg. Witting Soreang
3258719374121829,Michael Kendall Runolfsdottir,Eli Novitasari,0880913668343,Jln. Albin Tondano
3249725779569064,Wanda Bowie Kuphal,Mumpuni Nainggolan,0877749748011,Psr. Nitzsche Gorontalo
3207335015175057,Ethan Addison Spencer,Rafi Suwarno,0888260278782,Psr. Lela Kudus
3222257901535197,Ivy Kennedy Leannon,Jaya Febian,0890818936256,Ki. Monserrat Wonogiri
3299393399347559,Beth Addison Legros,Waluyo Simanjuntak,0886236222383,Psr. Rachel Anyer
3213801243964405,Erling Finley Kling,Zakir Oktovian,0812665565070,Jln. Anjali Kendari
3241385941388602,Johan Kai Shanahan,Dwi Maryati,0860350194222,Jln. Rice Toli Toli
3239062198386870,Stephon Logan Farrell,Melani Usamah,0870840721056,Dk. Garnet Banyuwangi
3204874886396761,Aida Hayden Rohan,Yoga Suryono,0816297206971,Jr. Vandervort Mojokerto
3209953708846037,Gia Leslie Waters,Anggun Namaga,0855418243445,Ds. Lindsay Kebumen
3231326605134706,Cleve Avery Pacocha,Vinsen Lesmana,0852343731347,Jr. Effertz Cilacap
3244940753300817,Perry Addison Brown,Rosalina Purnawati,0894335002688,Ds. Dariana Banjarnegara
3226492519874890,Arlo Ryan Schmeler,Salsabila Usamah,0822589565738,Jln. Emil Labuhan Bajo
3224053869497737,Salvador Shawn Strosin,Cager Uwais S.E.,0879672775956,Psr. Grady Labuhan Bajo
3257301001843709,Cole Gray Bergnaum,Kairav Nugraha,0817265055102,Kpg. Prudence Tabanan
3210199714744255,Daniella Bailey Gorczany,Jessica Purnawati,0856107457355,Ds. Eula Bajawa
3247885962391641,Leilani Charlie Bechtelar,Tugiman Nababan,0898154628930,Jr. Ryan Bangkalan
3242300250819170,Ena Sage Lynch,Bakianto Hardiansyah,0810623737214,Psr. Parisian Situbondo
3224248644291828,Marisol Kennedy Thompson,Darman Hutagalung,0882608899221,Jln. Nina Nganjuk
3214708722761335,Annamarie Ryan Hills,Rahmi Zahrah,0880396638775,Dk. Kuvalis Negara
3284682562831664,Elvis Alex Cronin,Dodo Faresta,0880852397691,Kpg. Cummings Ponorogo
3232615458683263,Tyrique Reagan Hettinger,Jaiman Rajasa,0843143623897,Dk. Collins Anyer
3270246137759641,Mattie Kyle Crona,Wulandari Aurelia,0850359895556,Jln. Murazik Kolaka
3238542546903696,Nicole Parker Luettgen,Elma Zulaika S.Pt,0835213034743,Psr. Muriel Waikabubak
3288919443458039,Armani Drew Little,Ibrani Purnawarman,0871164757151,Jln. Kassulke Ngawi
3253730133081079,Gretchen Kendall Rempel,Yoga Rendra,0801172112932,Ds. Patience Bantaeng
3245888143555630,Xzavier Jamie Stokes,Bakti Suryono,0800571987931,Jln. Idell Bojonegoro
3298382271480477,Adalberto Emerson D'Amore,Caturangga Suryono,0823806466237,Gg. Ansel Pemalang
3244405823232060,Mallie Addison Macejkovic,Aisyah Yulianti,0854816356567,Dk. Sanford Blitar
3250753094408677,Ayla Noah Wisoky,Nur Harini,0831212120399,Kpg. Rosenbaum Indramayu
3216687759479679,Rafael Quinn Padberg,Cemani Nashiruddin M.Pd,0867586208350,Gg. Gorczany Blora
3298397813957152,Bart Avery Considine,Gadis Mandasari,0874879281153,Ki. Kristofer Tigaraksa
3284175679107591,Emma Arden Rempel,Rina Kusmawati,0826940279870,Ds. Nader Jepara
3230319125884116,Mustafa Hayden Nicolas,Keisha Kusuma S.Kom,0812565493972,Jr. Lee Gorontalo
3276515747564099,Gage Cameron Larkin,Qori Pudjiastuti,0806347637822,Ds. Kutch Kota Raha
3231310039394244,Cayla Logan Rodriguez,Clara Novitasari,0852192547594,Jln. Juvenal Banjarnegara
3270115910945963,Agustin Greer Cruickshank,Noviana Aqila,0878473713669,Kpg. Kassulke Bangli
3246815889476552,Reba Austin Hermiston,Linda Nasyiah,0891057732139,Ds. Lubowitz Badung
3232710799569157,Agnes James Homenick,Parman Agustian S.I.Kom,0810013895410,Ds. Reichert Airmadidi
3251899931166834,Charley Finley Kozey,Rini Puspasari S.Ked,0884809718379,Jr. Reginald Jepara
3258433615042582,Miller Jules Stracke,Melani Nuraini,0838620016108,Ds. Johns Batang
3265239942814562,Caesar Blake Maggio,Amalia Saputri,0814918793673,Dk. Jermey Lewoleba
3272622234747366,Cassie Elliott Kuhn,Titi Maryati,0847801135826,Ki. Hillary Sleman
3267301409451479,Lucie Kyle Friesen,Bakda Sihombing,0849521835485,Ds. Gleichner Kolaka
3260654693577825,Grover Kendall Blick,Almira Suryatmi,0883675736844,Jr. Margarett Salatiga
3236255609062360,Karelle Avery Schultz,Shakila Rahmawati,0841762083854,Jr. Matteo Bolaang Uki
3224964592675162,Ashton Emerson Mante,Gara Samosir,0858032468201,Dk. Cale Ratahan
3291073192510764,Ludie Logan Simonis,Martaka Aswandi,0821590763205,Jr. Ruth Pangkajene
3204456514418301,Itzel Rory Orn,Heru Handoko,0816525328667,Kpg. Ulises Klaten
3243643925013238,Hazle Billie Senger,Bancar Latupono,0877802545621,Ki. Marcellus Boyolali
3210126237063933,Hertha Austin Nader,Lalita Puspasari,0860774710944,Ds. Jacobs Negara
3256514784687136,Xavier Finley Parker,Betania Mulyani,0880567994263,Jln. Carlee Kwandang
3210713198950501,Judge Kendall Stiedemann,Mustofa Putra,0822151368212,Jr. Mante Makale
3235686351564735,Mercedes Marlowe Pollich,Ditya Mandasari,0872055764142,Jr. Alva Lasusua
3220292545131009,Earnestine Greer Heller,Margana Pranowo,0842611696349,Ki. Enola Magelang
3236321287061279,Jamie Logan Stiedemann,Respati Kuswoyo M.Pd,0841148851028,Dk. Bartoletti Maumere
3292284854703850,Reynold Jaden Hilll,Luluh Darmawan,0878287386581,Ki. Imogene Bangkalan
3222944882786273,Liam Sawyer Schumm,Jefri Iswahyudi,0873202920612,Ki. Conor Pare
3298457978758211,Kristopher Shawn Gottlieb,Dewi Hariyah,0897779401702,Dk. Prohaska Makassar
3239289569544531,Jalyn London Johns,Rizki Salahudin,0849514037300,Kpg. Maryse Tigaraksa
3208350213765082,Cydney Dakota Morar,Candrakanta Wibowo S.T.,0880214913830,Dk. Hartmann Taliwang
3210467438065547,Tremayne Kennedy Green,Retno Mayasari,0842555022522,Gg. Keaton Bandung
3273809913310624,Stephon Rory Jerde,Bakti Rayhan,0879558305620,Jr. Camden Jakarta
3220888277404767,Alvera Jamie Bailey,Omar Prakasa,0873264633843,Jln. Konopelski Cilegon
3275945672095744,Horace Sawyer Herzog,Cahyono Kuswoyo,0810197529437,Ds. Myrtis Jakarta
3262881970602498,Michelle Sawyer Lebsack,Zulfikar Hakim,0874687720501,Ki. Johnston Situbondo
3241181731958989,Judge James Connelly,Nada Yulianti,0856479242807,Jln. Brent Sumedang
3286366545804226,Colton Quinn Kuhlman,Kambali Sitorus,0886302261601,Dk. Little Melonguane
3256415331318982,Yessenia Sage Runolfsdottir,Kardi Wahyudin,0802079235284,Dk. Laron Kwandang
3207953101646187,Lew Kendall Koch,Lili Nasyiah,0862264401216,Kpg. Darrick Ende
3286304392773725,Luigi Marlowe Hermiston,Caket Jailani,0803338581977,Psr. Rowland Bojonegoro
3249857970170511,Christy Kyle Beahan,Anita Pertiwi,0880771532720,Ds. Christiansen Anyer
3288255554346736,Jamie Harper Macejkovic,Vivi Pertiwi,0890898432322,Gg. Justyn Pare
3227572385461308,Claudie River Bechtelar,Carub Mangunsong,0887797727762,Kpg. Ford Bungku
3244389460994078,Roosevelt Reagan Schowalter,Amalia Handayani,0878020307643,Ds. Schimmel Kota Raha
3280725990752637,Antoinette August Armstrong,Tina Nasyidah,0883457326475,Ds. Beatty Atambua
3288900020975474,Fabiola Billie Mante,Padmi Permata,0862477017375,Jln. Zula Dompu
3246691223421277,Kenny Cameron Pagac,Elisa Pratiwi,0823267229531,Jln. Elise Bolaang Uki
3271673358745261,Betty Brooklyn Schmitt,Bakiono Himawan,0804608698598,Ki. Padberg Polewali
3212721777585055,Chaim Leslie Johnson,Oliva Palastri,0814518833306,Psr. Gwen Tigaraksa
3236476154598593,Maya Cameron Hodkiewicz,Dina Zulaika,0865866629102,Psr. Zemlak Pangkajene
3205512457957539,Eryn Angel Nolan,Cemeti Arifin,0823342482957,Jln. Carter Surakarta
3249207841710611,Sadie Taylor Brakus,Yahya Prasetyo,0863595925928,Kpg. Jerry Bantaeng
3253659215577951,Elisabeth Noah Brakus,Amalia Utami,0861877577952,Ki. Wyman Gianyar
3240710689382235,Evert Brooklyn Runolfsdottir,Oliva Anandya,0884928500258,Jr. Jazmyne Sumedang
3225827795996893,Serenity Billie Gleichner,Cornelia Andriani,0888341409326,Ds. Breanne Kudus
3251435947184820,Mertie Gray Crona,Salimah Maharani,0879569774336,Psr. Kuphal Kepanjen
3217152299526038,Trace Taylor Jacobs,Nada Usamah M.Pd,0868720013128,Jr. Kautzer Rangkasbitung
3271813988673676,Jerome River Franecki,Paris Lestari,0826155329070,Gg. Tabitha Tasikmalaya
3277270276039630,Benny Brooklyn Pacocha,Cagak Purnama,0831047823569,Jr. Brown Ciamis
3209097920062256,Shany Blake Dickens,Pia Wahyuni S.Pd,0807240165390,Psr. Madge Makale
3223291148823616,Garry Austin Fadel,Mala Juwita,0829746000849,Dk. Victoria Magetan
3231807448930696,Vivienne Nico VonRueden,Dariati Habibi,0870325067485,Ds. Glover Indramayu
3209465344689974,Trace Rowan Emmerich,Harsanto Prakasa,0811334890642,Jln. Dickens Wangi Wangi
3224974616574472,Robyn Greer Streich,Jati Syahreza,0801910873599,Dk. Pacocha Bogor
3297017345052749,Arnoldo Kyle Kuvalis,Halim Prasetyo,0881947515409,Kpg. Considine Airmadidi
3248506208126047,Pierce Skyler Littel,Panji Zulkarnain,0854345175758,Ds. Harry Takalar
3202001099838506,Giles Jules Rippin,Cahyono Herlambang,0822486817868,Jln. Senger Parigi
3241907066236757,Leopoldo Skyler Gorczany,Melinda Yulianti,0889530910353,Jln. Sophia Ngamprah
3216738335738424,Leonard Kai Cassin,Dadi Rajasa,0826027481260,Jr. Jess Sragen
3272833232375273,Linwood Phoenix Kutch,Paulin Nuraini,0856875540210,Dk. McGlynn Pare-Pare
3291427151104969,Juliana Shiloh Turcotte,Kania Prastuti,0849805071966,Gg. Hodkiewicz Watan Soppeng
3258310440374742,Sibyl Noah Dach,Pranawa Kurniawan,0870960947863,Jr. Schamberger Wlingi
3291522094169146,Bette Harper O'Conner,Baktiadi Mahendra,0832366449246,Psr. Rosenbaum Badung
3228575048381264,Esta Gray Schaefer,Kania Uyainah,0849641183283,Jr. Botsford Nganjuk
3291737496229767,Caroline Austin Baumbach,Sarah Maheswari,0817058302542,Ds. Alba Sleman
3264650382811806,Nicholaus Reagan Littel,Qori Palastri S.Farm,0825670140195,Psr. Williamson Temanggung
3265811142804640,Jay Blake Monahan,Kambali Mustofa,0853994095302,Jln. Hyman Serang
3284450307656427,Javonte Shawn Kozey,Gilda Purwanti,0828854588308,Ki. Renner Slawi
3279569378789139,Danielle Bowie Mante,Heryanto Syahreza,0861315043021,Dk. Carroll Sumenep
3249972758274595,Joshua Riley Welch,Jabal Hakim,0894982937928,Ds. Roob Bulukumba
3276449295701255,Meta Rory Auer,Kardi Alamsyah,0802111312845,Dk. Rick Karangasem
3260108066020693,Maxine London Sanford,Agnes Pertiwi,0880683727154,Jr. Ollie Cilegon
3259385264212776,Edythe Greer Legros,Irnanto Thamrin,0868350401687,Ds. Jack Airmadidi
3211488400466105,Cordelia Logan Jast,Ophelia Sudiati,0877913101560,Jr. Goyette Banjarnegara
3280814435759062,Roy Leslie Lowe,Pratiwi Wahyuni,0826700832087,Kpg. Gerhold Pandeglang
3288402240806649,Leonora Angel Thompson,Shakila Widiastuti,0837391631177,Psr. Gerardo Wonosobo
3257263163170148,Doris Sage Langosh,Banara Darojat,0867763085281,Gg. Bauch Sukabumi
3264485787854395,Chadrick Parker Kilback,Legawa Ahmad,0882505955804,Gg. Bailey Pemalang
3258273390820359,Imelda Phoenix Windler,Kenes Siregar,0898784928138,Dk. Brenda Tambolaka
3229209190324047,Jamar Charlie Beier,Edward Pranowo,0895316734466,Kpg. Forest Ende
3297718949400775,Karlee Gray Paucek,Garan Waluyo,0851655770105,Ki. Cecile Purworejo
3205613918534453,Constantin Dakota Morar,Gantar Putra,0865953547259,Kpg. Deckow Buol
3213854363740863,Loyce Ellis Cole,Mulyanto Abiputra,0893062149317,Dk. Carter Banjarnegara
3202558826774019,Eldred Charlie Mills,Zulaikha Wastuti,0891344538572,Kpg. Clare Surakarta
3224665035619754,Robbie Alex Keeling,Rika Padmasari,0870005719463,Gg. Jacobson Magelang
3240589182790505,Xavier Leslie Heaney,Bala Budiman S.IP,0844422752160,Dk. Kunze Malili
3210185071165607,Julio Avery Fritsch,Kemal Prakasa,0848626854974,Ds. Grady Tegal
3222800939297373,Madelyn Dakota Ritchie,Gandewa Oktavian,0885916766563,Psr. Greenholt Soreang
3249873343316283,Darren August Kris,Anom Antoni,0851231326121,Ki. Jerod Ruteng
3268475308024423,Leonie Ellis Hamill,Ayu Juwita S.Farm,0805817315172,Gg. Glover Ratahan
3276927621073734,Mae Anderson Gislason,Tiara Hartati,0846561729633,Kpg. Prohaska Makassar
3288365806133940,Douglas Ryan Hickle,Wulan Elvina,0842875518617,Gg. Lily Larantuka
3237961999683100,Lamont Cameron O'Keefe,Harjaya Megantara,0896100233504,Dk. Lorna Gorontalo
3217579634826359,Luna Jaden Hansen,Cahyadi Pratama,0809158556273,Ki. Frieda Larantuka
3203747351055721,Julien Harper Marquardt,Nalar Damanik,0892962173854,Dk. Schroeder Madiun
3272106417145039,Nona Kai Toy,Harimurti Samosir S.I.Kom,0850753381893,Kpg. William Kraksaan
3266383538919022,Ashleigh Logan Paucek,Tari Mardhiyah,0890579782949,Kpg. Zieme Banjarnegara
3244067402453139,Izaiah Kyle Heller,Rahmi Wahyuni,0863269112080,Jr. Lilliana Dompu
3212165231877790,Nadia Shiloh Grady,Anggun Handayani,0883441212963,Kpg. Beer Bajawa
3215267729664026,Dayna River Metz,Lulut Wahyudin S.Sos,0803137281812,Jln. Hand Wates
3219790719868615,Karelle Rowan Beier,Taswir Hutapea,0802549112160,Ki. Roslyn Rembang
3273645523181309,Adeline Gray Langosh,Dimaz Pangestu,0863904147340,Ds. Rau Wonosari
3276485983812763,Fern Reagan Trantow,Ratna Wijayanti M.Kom.,0853118170324,Jln. Coralie Bekasi
3262336800965751,Mollie London Volkman,Rangga Prasasta,0809104102443,Ki. Parisian Ruteng
3262702115936347,Cleo Reign Corwin,Timbul Lazuardi,0806893994296,Psr. Cummings Buol
3290058461204414,Mariah Noah Konopelski,Fitria Amanta,0890577742648,Kpg. Rogahn Rantepao
3267151691082274,Wava Ellis Schmitt,Amelia Amanta,0882105153455,Gg. Trystan Kalabahi
3283653144737627,Maximilian Cameron Medhurst,Gantar Airlangga,0841920527798,Jln. Weissnat Banjar (Jawa Barat)
3230777361394458,Miracle Nico Vandervort,Nasim Natsir,0816130608784,Jr. Beier Cilacap
3231715333848236,Zoie Robin Corkery,Bakiadi Hutapea,0800855901935,Ki. Branson Purwakarta
3288514136701901,Manuela London Waelchi,Artawan Wijaya S.Sos,0889549203917,Ds. Heidenreich Kebumen
3260992095899071,Destiney Dakota Kuvalis,Gara Perdana,0878724222395,Gg. Hermiston Atambua
3214456001145071,Michele Bailey Conn,Sarah Hassanah,0822622159991,Jln. Beier Magelang
3294523276705468,Alana Jordan Sporer,Yuliana Safitri,0818980138015,Dk. Mariane Mamuju
3228730198821215,Malvina Angel Block,Yoga Wibowo,0842144311026,Jr. Cicero Ondong Siau
3297619040966917,Dale Sawyer Koss,Gambira Tamba,0844623160347,Dk. Johnathan Ende
3214301777779588,Dulce North Ernser,Indira Ningrum,0893077407201,Psr. McDermott Ende
3248558146364223,Skylar Quinn Fadel,Niyaga Dirgantara,0835459195888,Jr. Rutherford Luwuk
3289950053002455,Arlene North Funk,Artawan Uwais,0881008903424,Ds. Rodriguez Cianjur
3287666534484494,Kristina Arden Labadie,Daliono Nanda,0866842043008,Kpg. Stanton Bitung
3229901652581757,Concepcion Reese Heathcote,Cakrawangsa Sabian,0834905906891,Ki. Gleason Magelang
3219435330647328,Katlyn Gray Nolan,Mala Aqila,0833890610276,Ds. Bergnaum Gresik
3238205269677442,Vaughn Shiloh Heidenreich,Salman Kuswoyo,0893975815217,Jln. Shields Poso
3257097552307263,Jameson Taylor Stark,Talia Namaga,0874909603570,Dk. Osinski Makale
3292366406539864,Sydni Logan Jacobs,Kunthara Nainggolan,0893159696162,Dk. Ursula Gresik
3296213975875316,Jo Brooklyn Jast,Raina Fernanda,0873890233585,Ds. Elnora Kefamenanu
3282896050709230,Hal Nico Pacocha,Kartika Nasyiah,0884713585333,Jln. Bauch Ende
3283133145666093,Bertha Finley Jacobs,Oni Yolanda,0828302736721,Dk. Nicola Blitar
3296117038679485,Kale August Williamson,Mulyono Wicaksono,0824023727115,Gg. Kurtis Poso
3281975227813273,Santiago Kennedy Orn,Banara Aswandi,0861191638926,Gg. Jerrold Larantuka
3266034360635949,Libby Shawn Fadel,Cakrawangsa Wacana,0802439928124,Psr. Russel Banyuwangi
3233108824881265,Joanny Alex Corwin,Harjo Habibi,0848432654416,Gg. Vickie Brebes
3288680973235793,Hulda North Bashirian,Pranata Thamrin S.H.,0843918535834,Kpg. Mac Ciamis
3251644581586479,Emiliano Billie Lemke,Tina Mayasari S.Kom,0848528417443,Kpg. Jacobs Bogor
3206115107466969,Quentin Kai O'Reilly,Kayla Agustina,0850023675909,Psr. Wyman Madiun
3261639359951724,Maymie Jamie Lang,Dadi Maulana M.Farm,0823527610106,Jr. Wunsch Labuhan Bajo
3257843188157421,Linda Quinn Haag,Wadi Hutasoit,0816136843061,Jln. Schulist Sumbawa Besar
3260699648860441,Maybelle Elliott Schaden,Lega Samosir,0837599775462,Gg. Franz Cikarang
3286130684982043,Lora Dakota D'Amore,Jaeman Salahudin,0851716309762,Gg. Billie Pamekasan
3239358787253864,Dena Skyler Ryan,Ihsan Pradana,0862350337892,Jln. Aylin Batang
3208885580173761,Alvena Micah Nicolas,Zulaikha Andini M.M.,0835184133823,Ds. Pfannerstill Ondong Siau
3206505045157026,Stacey Reign Christiansen,Himawan Setiawan S.Gz,0801341826298,Dk. Burley Polewali
3236890398113237,Jacquelyn Austin Borer,Jati Budiman,0811575594171,Ds. Cruickshank Brebes
3236499645122810,Nathen Quinn Borer,Daruna Mahendra,0815367510083,Jr. Ruecker Serang
3275880839012452,Pamela Arden Cronin,Ade Kurniawan,0888196438736,Psr. Sierra Cikarang
3245315013000215,Jaeden Kyle Beier,Nalar Yanuar,0864882864505,Ds. Robel Buranga
3223503322252395,Brandon Gray Hackett,Ridwan Saragih,0855422052276,Ds. Oberbrunner Luwuk
3289223017066646,Roy Charlie Brown,Galang Suwarno,0857361109578,Dk. McDermott Kupang
3232711881325974,Luisa Charlie Nikolaus,Clara Puspasari,0844794106076,Jln. Mraz Bolaang Uki
3269760370513886,Amber Kai Marvin,Gading Yudhistira,0839759386872,Jln. Thompson Lamongan
3217195751053494,Chelsey Jules Stanton,Aulia Kusmawati,0811615358391,Jln. Aufderhar Bumiayu
3259952916573385,Isidro Jordan Kuhlman,Wani Melani,0886495444368,Psr. Jesse Kraksaan
3280709274694507,Zakary Marlowe Bode,Okto Purnama,0876398667402,Dk. Hahn Wonogiri
3252818116925112,Bryon Elliott Brakus,Martana Megantara M.Kom.,0896193401614,Kpg. Blick Ponorogo
3255641528861363,Carmen Arden Daugherty,Tugiman Haryanto,0831298871056,Ki. Reynolds Pelabuhan Ratu
3282169329504408,Roselyn Jamie Dooley,Tania Pudjiastuti,0802291232681,Ds. Schimmel Garut
3264656988089588,Maximilian Rowan Wehner,Lalita Pratiwi S.Farm,0828087407204,Dk. Will Bantaeng
3252051192266368,Laurine Shiloh Will,Aulia Zulaika,0814325289285,Jln. Mann Singaraja
3253659063103015,Kendra Marlowe Hansen,Naura Rahayu,0857194342984,Psr. Heathcote Sengkang
3282307028615903,Cathrine Hayden White,Karsa Satria,0833849007517,Dk. Fisher Indramayu
3255140417534841,Luigi Rowan Cummerata,Cengkal Darmawan,0824922290824,Jln. Wyman Mbay
3238674153261209,Dayana Nico Cremin,Usyi Astuti,0837386941084,Gg. Rigoberto Tasikmalaya
3242523098038089,Filomena Reagan Bergstrom,Elisa Wijayanti,0827116609290,Ki. Schinner Kuningan
3289869444416605,Jane Shiloh Kshlerin,Kania Saputri M.Kom.,0848184594119,Kpg. Constantin Dompu
3297466848818870,Piper Jaden McClure,Anastasia Azizah,0872801069355,Gg. Muriel Probolinggo
3270714532795229,Casandra Shiloh Smitham,Kariman Sinaga,0839681008406,Ds. Lubowitz Tutuyan
3231317383642748,Flo Jaden Koss,Diana Mulyani,0807177718822,Kpg. Stephan Bumiayu
3245214293299751,Destiney Shawn Miller,Uli Padmasari,0880492638971,Kpg. Chase Selong
3248963493748001,Nia August Lang,Sasha Yolanda,0808614992297,Dk. Alexzander Buranga
3297040136908608,Erik Rowan Koch,Linda Andriani S.IP,0815400620900,Psr. Considine Takalar
3271554550216208,Jabari Marlowe Waelchi,Jaswadi Budiyanto,0859375702660,Kpg. Cummings Bolaang Uki
3204745781218113,Dereck Elliott Pfannerstill,Laila Puspasari,0884210889567,Ki. Kemmer Tilamuta
3252602513842347,Josiah Drew Little,Kusuma Wibowo,0833047212435,Gg. Lonzo Mbay
3226375389944127,Milo Ryan Koss,Kania Melinda,0828124242193,Dk. Dibbert Sidoarjo
3260922330488732,Keshaun Sasha Konopelski,Cemplunk Suryono,0892867568629,Kpg. Connelly Suwawa
3200025769379536,Evalyn Elliott Bradtke,Aslijan Perdana,0887305477345,Kpg. Harvey Tangerang
3234130856101661,Marge Blake O'Keefe,Ade Lailasari,0828941031712,Ds. Dell Garut
3254246888839095,Hayley Jules Casper,Septi Yulianti,0823494566254,Dk. Major Sleman
3220427450199466,Carlo North Heathcote,Limar Syahreza,0837030249435,Gg. Adele Wanggudu
3253076527288336,Lue Arden Zemlak,Cengkir Hutagalung,0803354772276,Psr. Sigrid Luwuk
3285210352527593,Ansley Hayden Nicolas,Ria Hastuti,0883172516903,Ds. Cale Cibinong
3273673752543541,Keyshawn Brooklyn Schuppe,Karna Lesmana S.H.,0866315253692,Gg. Johns Purwokerto
3208256164709159,Leon Billie Rau,Titin Purnawati,0821676331995,Ki. Tillman Pati
3206525980419443,Claudia Reagan Skiles,Amelia Ananda S.E.,0837019058541,Ds. Kevon Banyumas
3262345371171927,Rodger Cameron Donnelly,Darmanto Tampubolon,0800767771139,Gg. Erdman Taliwang
3277949188430779,Dedrick Reign Becker,Purwanto Prasetya S.IP,0815392025181,Dk. Dixie Manado
3285043024784532,Margarett Skyler Shanahan,Irwan Nugraha S.Kom,0844896120393,Jln. Herminio Ngamprah
3296596069326016,Crystal Charlie Abernathy,Febrina Saputri,0817070428286,Kpg. Brionna Donggala
3228284956574892,Golda Billie Mraz,Farhunnisa Andriani,0861061897727,Gg. Royce Pacitan
3204486661496141,Thelma Avery Rodriguez,Cici Salma,0851302404958,Gg. Bartell Pare-Pare
3230964674570503,Antoinette Avery Bogan,Prabowo Uwais,0880031635275,Ds. Jay Jember
3280766627095073,Amaya Quinn Glover,Anggabaya Hutasoit,0888264491035,Ki. Weber Luwuk
3293390686372325,Claudine August Nienow,Adikara Firgantoro,0868423954856,Gg. Stark Karangasem
3200634959752103,Marlee Noah Denesik,Dasa Purnawarman,0872335391695,Ds. Hickle Kawangkoan
3236714208527911,Vernice Alex Ortiz,Jindra Antoni,0885257981656,Dk. Karson Magetan
3264971324176075,Lambert Blake Rempel,Kasiran Abimanyu,0824695456616,Dk. Bayer Tigaraksa
3252721542535789,Cooper Micah Homenick,Sarah Maheswari,0849270468147,Jln. Horace Bantaeng
3293726029001384,Miles Austin Carter,Cahya Hutasoit,0881420073437,Gg. Danial Sinjai
3217075176169070,Elise Robin Cummerata,Pia Yulianti M.Ak,0817563025294,Jln. Connelly Klungkung
3275351050036057,Susan Rowan Bergstrom,Zelda Nurlaela,0826138325856,Jr. Alivia Soe
3278765064762098,Heaven Sasha Bergnaum,Violet Saraswati,0879522326280,Gg. O'Hara Palopo
3298521800875904,Clemmie Nico Huels,Cager Anggriawan,0813736364016,Ds. Dion Kupang
3261702799146282,Cayla Leslie Heller,Tami Suartini,0866942401865,Psr. Richie Batang
3288340183431495,Daisha Bowie Hyatt,Agustina Amanta,0841178523512,Ds. Blanca Jepara
3218626866545956,Christian Rowan Schumm,Hesti Maharani,0851838026992,Psr. Hintz Sidoarjo
3217957687650357,Norene Micah Fisher,Eka Melinda,0895904238528,Dk. Hermann Depok
3201760124431052,Samir Finley McDermott,Mulya Pranowo,0845213451995,Dk. Jaskolski Yogyakarta
3230669674060750,Erica Reese Stehr,Paiman Waskita,0803607546177,Dk. Beer Bangkalan
3205812873100464,Kacey Reign Grant,Icha Fathina,0852858823027,Jln. Watsica Waingapu
3250922559298529,Araceli Jamie Haley,Gantar Wacana,0847257194246,Dk. Kreiger Bulukumba
3222393963019954,Beverly Rowan O'Connell,Harto Nababan,0822896446655,Ki. Ahmed Kepanjen
3226564168657801,Cedrick Taylor Bernhard,Yunita Palastri,0865847611787,Ki. Durgan Yogyakarta
3257856698831235,Thad London Morar,Wulandari Suryatmi,0828079115277,Ds. Prudence Rangkasbitung
3275910494899190,Pattie Austin Swaniawski,Koko Napitupulu,0854735999024,Ds. Penelope Manado
3222142402567469,Jon Shawn Klein,Purwadi Darmawan,0886106601656,Jln. Mathilde Baa
3243215239242160,Jordyn Corey Considine,Jumari Antoni,0806306992794,Kpg. Tyson Tuban
3227886988610443,Lillian Jaden Stokes,Cahyadi Wijaya S.Gz,0887820676304,Ki. Timmothy Lamongan
3216006896665092,Denis London Brekke,Soleh Hutasoit,0891403630473,Ki. Kunze Lasusua
3273034759616112,Kendrick Charlie Dicki,Zulaikha Wulandari S.Psi,0893692403758,Dk. Armstrong Bangli
3222991648783508,Zion Micah Cormier,Zalindra Nurdiyanti,0883659143572,Jln. Marcos Mamasa
3237506448766528,Alexzander Marlowe Wisoky,Cindy Riyanti,0840287075025,Psr. Bradford Tilamuta
3235351601396508,Tomasa Riley Koch,Devi Yulianti,0807745731131,Jr. Sylvia Bojonegoro
3201848853713848,Ali Ellis Kiehn,Carla Purnama,0822584042914,Ki. Cassin Karanganyar
3235712847985853,Rachelle Elliott Lehner,Darmaji Prasetyo,0832624718517,Ki. Mekhi Cianjur
3298562537193418,Bella Charlie Quigley,Nasrullah Sitompul,0870763074511,Jln. Addie Bolaang Uki
3248996355321341,Rafaela Cameron Koss,Widya Wulandari S.T.,0874108881699,Gg. Crawford Surakarta
3228170842456530,Jada Elliott Shanahan,Suci Mustika,0817900644616,Gg. Bart Bojonegoro
3298977923460783,Perry Skyler Dooley,Budi Nainggolan S.Kom,0830406211968,Ki. Janick Wonogiri
3275197032436873,Reggie Jamie O'Keefe,Safina Usamah,0884100302100,Dk. Fabiola Palopo
3278410654419379,Toney Kai Rolfson,Maria Astuti,0890975235651,Ki. Deonte Singaraja
3203321757284589,Laurine Ellis Ondricka,Teddy Sitompul,0884736744984,Jr. Legros Tasikmalaya
3225326474609630,Dante Taylor Hoppe,Cahyanto Abimanyu,0854737512434,Dk. Earnest Kendal
3299562173876327,Ubaldo Blake Jones,Silvia Leilani,0839901643481,Jr. Schoen Lumajang
3296937925706219,Cary Emerson Kub,Drajat Wahyudin,0856374072523,Jln. Kuhlman Kwandang
3289436727396586,Kelsi Reese Buckridge,Asmadi Antoni,0834007340660,Jr. Webster Atambua
3208862295896898,Nicholaus Noah Jones,Wasis Utama,0862623562952,Psr. Jerod Kefamenanu
3224614236081414,Genevieve Sage Crona,Gandi Pranowo,0849453066028,Ki. Duane Rantepao
3294374212472807,Theo Robin DuBuque,Nova Puspita,0805857386766,Kpg. Schoen Sumedang
3245256693098356,Garland Dakota Greenholt,Nilam Rahimah,0832244897436,Ki. Gislason Anyer
3294538340287168,Lera Ryan Hickle,Talia Mardhiyah,0883936899341,Jr. Gloria Wonosari
3247677008613037,Aaliyah Drew Fadel,Kani Halimah,0819863924618,Ds. Keenan Sumenep
3215418017818390,Jeromy Avery Friesen,Putri Nuraini S.Gz,0818447494037,Gg. Americo Atambua
3229047606667821,Astrid Riley Howe,Devi Aqila,0889919137064,Kpg. Smitham Enrekang
3248315818926853,Vivian Jordan Bruen,Cecep Sirait,0892553146072,Ds. Omari Sinjai
3283394639149340,Abdiel August Rohan,Siska Hartati,0867810894853,Dk. Van Kalabahi
3221668203509097,Travis Jules Ankunding,Jaiman Hidayanto,0823834164073,Ki. Evie Sukabumi
3251694976782235,Blanche Reagan Swift,Maimunah Rahimah,0817306475470,Gg. Hazle Rantepao
3270106401623622,Nels Kyle Ziemann,Martaka Sihotang M.Kom.,0896504311579,Jln. Mosciski Denpasar
3295326654102720,Jaron Angel Dickens,Vega Marpaung,0843915639913,Gg. Darrin Pangkajene
3229804673930252,Alysson Ellis Runte,Kamila Pertiwi,0863288936376,Ds. Dickinson Sumbawa Besar
3228591375090852,Randall Angel Bins,Anggun Nurdiyanti,0852721771597,Jln. Demarco Purwodadi
3260423598539288,Zoie Austin Wuckert,Gandewa Alamsyah,0890873677340,Dk. Heller Wates
3242972976054659,Eino Reagan Sipes,Ade Wardana,0831600515880,Psr. Malcolm Jakarta
3276168012060042,Zoie Addison Wintheiser,Padmi Ardiyanti,0849202974828,Ki. Jamil Magetan
3228164742720554,Rory Parker Maggio,Candra Hardiansyah,0818826019729,Jr. Samantha Jombang
3247346504846766,Tom Rowan Paucek,Mala Pudjiastuti,0854943444902,Psr. Paucek Tegal
3202472036232854,Laury Cameron Schultz,Kiandra Usada S.Sos,0880702704599,Ds. Antonio Purwodadi
3264912663010937,Zola Ryan Bayer,Viktor Herlambang,0823631931838,Ki. Ruthie Kediri
3260593095043263,Sheridan Riley Beatty,Raisa Kuswandari,0869950490619,Dk. Princess Makale
3297994060402136,Yazmin Sasha Hammes,Danu Suwarno,0800848673951,Ds. Lucio Pinrang
3227188681256497,Wilhelmine Hayden Rutherford,Jamal Nanda,0899977472079,Psr. Alfred Bandung
3267982797161634,Madilyn Skyler Fadel,Wardi Tampubolon,0838818243633,Ds. Hammes Selong
3298753163056921,Doyle North Romaguera,Zelaya Anjani,0831233527993,Ki. Nadia Tegal
3243593430086137,Seamus Cameron Nicolas,Harsaya Kusumo,0835211973964,Jr. Doyle Masamba
3272072662382216,Clara Blake Gleason,Tsabita Kusuma,0871525840612,Gg. Dalton Sumenep
3265865079171478,Marquis August Marquardt,Wisnu Ardianto S.Pt,0888797771397,Ds. Ondricka Ende
3282089676248410,Tyshawn North Wiza,Olivia Fathina,0858360301178,Gg. Zboncak Indramayu
3247915894325901,Marcelo Shawn Stehr,Gadis Mulyani,0856328613248,Jln. Lydia Sleman
3284032739317439,Carlotta Marlowe Shanahan,Noviana Febrianti,0852712872750,Jr. Janae Mungkid
3203831715029623,Jason Anderson Kris,Edi Suwarno,0870784367769,Jln. Angeline Ende
3299038119084357,Kavon Noah Herzog,Ridwan Tarihoran,0808972062080,Kpg. Turner Maros
3261828248737655,Ivy North Auer,Wulan Farida,0822133329188,Ki. Romaguera Kalabahi
3228700369504824,Gustave Reagan Schimmel,Vino Pradana,0803020804549,Ds. Hahn Buranga
3202688006992351,Elena Jaden Labadie,Syahrini Maryati,0879921141389,Jr. Jakubowski Tanjung
3288039543508926,Robb Rory Wiza,Jamalia Purwanti,0824796471810,Psr. Kreiger Sinjai
3263497084751814,Christa Kennedy Hilpert,Cagak Gunarto,0835044692475,Kpg. Dooley Mojokerto
3215845082587873,Alfonso Elliott Nienow,Linda Wijayanti,0887621078631,Kpg. Kuphal Masamba
3289265541698733,Jaren Ellis Botsford,Zelaya Usamah,0828827253125,Dk. Bauch Amurang
3284731405614537,Lexi Shawn Moore,Kasim Aswandi S.Farm,0842819381629,Psr. Mariano Enrekang
3206543378269383,Martina August O'Kon,Cakrabirawa Manullang,0887495217563,Dk. Konopelski Pare-Pare
3257450476847617,Nathaniel Phoenix Ankunding,Rita Mardhiyah,0844429126037,Ds. Brekke Bangkalan
3234671805625813,Johathan Skyler Marquardt,Cemeti Hermawan,0821275597529,Ki. Blanda Gresik
3230151457951269,Mayra Avery Greenfelder,Setya Iswahyudi,0810972961190,Jr. Chanelle Pemalang
3226451541947821,Ed Kyle Price,Cahyanto Kusumo,0866261616449,Psr. Abshire Demak
3236129569033497,Katheryn Nico Dare,Vania Winarsih,0845164360937,Jln. Gage Bandung
3206511260643110,Dakota Sasha Franey,Dono Tampubolon,0820313078458,Psr. Hartmann Tigaraksa
3255919031155837,Jody Angel Boehm,Amalia Mayasari S.Pt,0898487640876,Psr. Herminia Sragen
3264379247169950,Raphael Blake Christiansen,Kirana Azzahra,0876364575428,Jr. Smitham Sunggu Minasa
3259240810059524,Neha James Beer,Zahra Puspasari,0845489568855,Dk. Feil Makale
3240476275191961,Archibald Marlowe Mitchell,Eja Sihotang,0847049207731,Dk. Adeline Ende
3237403246121382,Gina Rowan Bartoletti,Halima Utami,0820054296516,Jr. Kovacek Wanggudu
3207693565347954,Laverna Finley Gislason,Harjo Waluyo,0876689171350,Ki. Runolfsdottir Ambarawa
3283897387779865,Claud Phoenix Marquardt,Sadina Utami,0880922163708,Jln. Madison Maros
3221279390168531,Annamae Charlie Weber,Gawati Utami,0801511107106,Gg. Hermiston Bumiayu
3295811459430476,Morris James Borer,Harjo Wasita,0807597781812,Psr. Stone Andolo
3296864849559324,Joanny Brooklyn Langworth,Almira Nurdiyanti,0832897992780,Jr. Wehner Blitar
3291016431118158,Nigel Dakota Zemlak,Lalita Wahyuni,0812034905866,Jr. Cruickshank Singaraja
3262831240460590,Anika Arden Marquardt,Ikhsan Saptono,0858744423126,Dk. Dare Klungkung
3241623044626019,Cordie Rory Funk,Najwa Hariyah,0840435793739,Ds. Lavern Sengkang